britned_flow,date,day,demand_value,east_west_flow,eleclink_flow,embedded_solar_capacity,embedded_solar_generation,embedded_wind_capacity,embedded_wind_generation,england_wales_demand,greenlink_flow,hour,ifa2_flow,ifa_flow,minute,month,moyle_flow,nd,nemo_flow,non_bm_stor,nsl_flow,pump_storage_pumping,scottish_transfer,settlement_date,settlement_period,source_file,tsd,viking_flow,year
-243.0,2020-07-15,15,21286.0,319.0,0.0,13135.0,0.0,6527.0,1554.0,21286.0,0.0,0,0.0,-1338.0,0,7,248.0,23132.0,-58.0,0.0,0.0,14.0,NaN,2020-07-15,47.0,NaN,25285.0,0.0,2020
NaN,2005-04-23,23,30922.0,NaN,NaN,NaN,NaN,NaN,NaN,30922.0,NaN,0,NaN,1944.0,0,4,-186.0,34359.0,NaN,0.0,NaN,7.0,NaN,2005-04-23,16.0,NaN,35052.0,NaN,2005
976.0,2018-02-17,17,31115.0,-112.0,NaN,12916.0,1210.0,5779.0,1054.0,31115.0,NaN,0,0.0,1997.0,0,2,-241.0,34058.0,0.0,0.0,NaN,7.0,NaN,2018-02-17,18.0,NaN,35017.0,NaN,2018
NaN,2008-04-30,30,33621.0,NaN,NaN,NaN,NaN,1178.0,223.0,33621.0,NaN,0,NaN,1998.0,0,4,-75.0,37300.0,NaN,0.0,NaN,34.0,NaN,2008-04-30,46.0,NaN,37909.0,NaN,2008
NaN,2006-12-28,28,33564.0,NaN,NaN,NaN,NaN,NaN,NaN,33564.0,NaN,0,NaN,-1471.0,0,12,-209.0,37532.0,NaN,0.0,NaN,22.0,NaN,2006-12-28,46.0,NaN,39834.0,NaN,2006
-255.0,2016-08-08,8,16407.0,284.0,NaN,10500.0,0.0,4268.0,3006.0,16407.0,NaN,0,0.0,337.0,0,8,0.0,17338.0,0.0,0.0,NaN,1506.0,NaN,2016-08-08,3.0,NaN,19599.0,NaN,2016
NaN,2003-02-22,22,31970.0,NaN,NaN,NaN,NaN,NaN,NaN,31970.0,NaN,0,NaN,1033.0,0,2,NaN,36025.0,NaN,0.0,NaN,978.0,NaN,2003-02-22,10.0,NaN,NaN,NaN,2003
NaN,2003-08-01,1,22664.0,NaN,NaN,NaN,NaN,NaN,NaN,22664.0,NaN,0,NaN,48.0,0,8,NaN,25092.0,NaN,0.0,NaN,794.0,NaN,2003-08-01,6.0,NaN,NaN,NaN,2003
445.0,2020-01-11,11,24222.0,504.0,0.0,13043.0,0.0,6465.0,4938.0,24222.0,0.0,0,0.0,-1405.0,0,1,81.0,25853.0,-182.0,0.0,0.0,16.0,NaN,2020-01-11,16.0,NaN,28056.0,0.0,2020
206.0,2020-06-25,25,17759.0,0.0,0.0,13126.0,0.0,6527.0,747.0,17759.0,0.0,0,0.0,533.0,0,6,202.0,19398.0,44.0,0.0,0.0,872.0,NaN,2020-06-25,6.0,NaN,20770.0,0.0,2020
-833.0,2025-06-22,22,18219.0,-287.0,0.0,20764.0,0.0,6606.0,2131.0,18219.0,-516.0,0,991.0,1001.0,0,6,-300.0,19720.0,-206.0,0.0,1395.0,281.0,1234.0,2025-06-22,5.0,NaN,23175.0,-532.0,2025
863.0,2018-12-20,20,34173.0,154.0,NaN,13052.0,2260.0,5918.0,2062.0,34173.0,NaN,0,0.0,1997.0,0,12,262.0,37875.0,0.0,0.0,NaN,7.0,NaN,2018-12-20,24.0,NaN,38482.0,NaN,2018
NaN,2005-12-21,21,45365.0,NaN,NaN,NaN,NaN,NaN,NaN,45365.0,NaN,0,NaN,-683.0,0,12,-231.0,49806.0,NaN,0.0,NaN,2.0,NaN,2005-12-21,25.0,NaN,51322.0,NaN,2005
0.0,2024-07-17,17,21233.0,-515.0,996.0,17905.0,8690.0,6562.0,632.0,21233.0,0.0,0,991.0,1093.0,0,7,-452.0,23547.0,1019.0,0.0,1397.0,8.0,-53.0,2024-07-17,22.0,NaN,25022.0,1015.0,2024
1053.0,2023-02-18,18,24845.0,127.0,998.0,15222.0,1761.0,6545.0,2111.0,24845.0,0.0,0,991.0,2001.0,0,2,176.0,27787.0,741.0,0.0,1257.0,7.0,703.0,2023-02-18,28.0,NaN,28394.0,0.0,2023
-121.0,2011-12-20,20,40016.0,0.0,NaN,1111.0,4.0,1846.0,879.0,40016.0,NaN,0,0.0,-957.0,0,12,0.0,44426.0,0.0,0.0,NaN,14.0,NaN,2011-12-20,17.0,NaN,46118.0,NaN,2011
0.0,2017-05-16,16,19804.0,0.0,NaN,12000.0,0.0,5108.0,2272.0,19804.0,NaN,0,0.0,1601.0,0,5,247.0,21439.0,0.0,0.0,NaN,1709.0,NaN,2017-05-16,2.0,NaN,23647.0,NaN,2017
-464.0,2022-10-12,12,26583.0,-531.0,-1023.0,14859.0,4093.0,6545.0,2553.0,26583.0,0.0,0,-1029.0,0.0,0,10,-451.0,28909.0,-737.0,0.0,-108.0,5.0,NaN,2022-10-12,24.0,NaN,33757.0,0.0,2022
740.0,2018-12-01,1,32176.0,-67.0,NaN,13052.0,712.0,5911.0,1752.0,32176.0,NaN,0,0.0,1998.0,0,12,-455.0,35800.0,0.0,0.0,NaN,9.0,NaN,2018-12-01,26.0,NaN,36931.0,NaN,2018
0.0,2011-02-13,13,28520.0,0.0,NaN,102.0,1.0,1734.0,1698.0,28520.0,NaN,0,0.0,1763.0,0,2,-114.0,31603.0,0.0,0.0,NaN,6.0,NaN,2011-02-13,18.0,NaN,32323.0,NaN,2011
404.0,2017-06-15,15,25362.0,53.0,NaN,12025.0,5100.0,5143.0,2752.0,25362.0,NaN,0,0.0,1789.0,0,6,65.0,28132.0,0.0,0.0,NaN,8.0,NaN,2017-06-15,34.0,NaN,28640.0,NaN,2017
1049.0,2025-03-15,15,24113.0,-507.0,994.0,19950.0,0.0,6606.0,671.0,24113.0,-514.0,0,992.0,1999.0,0,3,-452.0,26544.0,999.0,0.0,998.0,17.0,-152.0,2025-03-15,3.0,NaN,28634.0,986.0,2025
-354.0,2022-11-23,23,31278.0,0.0,-1023.0,14962.0,271.0,6545.0,3205.0,31278.0,0.0,0,-818.0,-1030.0,0,11,-131.0,33414.0,-1020.0,0.0,-331.0,119.0,NaN,2022-11-23,18.0,NaN,38840.0,0.0,2022
NaN,2002-08-08,8,33587.0,NaN,NaN,NaN,NaN,NaN,NaN,33587.0,NaN,0,NaN,5.0,0,8,NaN,37105.0,NaN,0.0,NaN,0.0,NaN,2002-08-08,43.0,NaN,NaN,NaN,2002
NaN,2001-03-17,17,31963.0,NaN,NaN,NaN,NaN,NaN,NaN,31963.0,NaN,0,NaN,1612.0,0,3,NaN,36272.0,NaN,0.0,NaN,1279.0,NaN,2001-03-17,47.0,NaN,NaN,NaN,2001
879.0,2013-10-29,29,22655.0,42.0,NaN,3094.0,0.0,2392.0,1104.0,22655.0,NaN,0,0.0,1367.0,0,10,-251.0,24771.0,0.0,0.0,NaN,1372.0,NaN,2013-10-29,5.0,NaN,26994.0,NaN,2013
917.0,2023-04-20,20,19036.0,0.0,343.0,15564.0,0.0,6545.0,1849.0,19036.0,0.0,0,195.0,0.0,0,4,-25.0,20860.0,580.0,0.0,1095.0,7.0,311.0,2023-04-20,2.0,NaN,21392.0,0.0,2023
758.0,2018-03-18,18,23488.0,0.0,NaN,12916.0,0.0,5978.0,3725.0,23488.0,NaN,0,0.0,1274.0,0,3,133.0,25607.0,0.0,0.0,NaN,1515.0,NaN,2018-03-18,8.0,NaN,27722.0,NaN,2018
395.0,2022-10-18,18,30442.0,504.0,-1023.0,14871.0,0.0,6545.0,1433.0,30442.0,0.0,0,-797.0,-788.0,0,10,184.0,33513.0,-57.0,0.0,1392.0,0.0,NaN,2022-10-18,37.0,NaN,36678.0,0.0,2022
994.0,2011-12-04,4,23193.0,0.0,NaN,1096.0,0.0,1846.0,1010.0,23193.0,NaN,0,0.0,1750.0,0,12,0.0,25863.0,0.0,0.0,NaN,1458.0,NaN,2011-12-04,8.0,NaN,27921.0,NaN,2011
-183.0,2023-06-16,16,21102.0,0.0,100.0,15791.0,0.0,6538.0,573.0,21102.0,0.0,0,110.0,622.0,0,6,-337.0,23071.0,197.0,0.0,1298.0,5.0,-602.0,2023-06-16,47.0,NaN,24096.0,0.0,2023
576.0,2013-11-23,23,36351.0,-530.0,NaN,3192.0,48.0,2434.0,215.0,36351.0,NaN,0,0.0,1963.0,0,11,-251.0,40213.0,0.0,0.0,NaN,8.0,NaN,2013-11-23,32.0,NaN,41602.0,NaN,2013
NaN,2004-07-22,22,25817.0,NaN,NaN,NaN,NaN,NaN,NaN,25817.0,NaN,0,NaN,1952.0,0,7,NaN,28512.0,NaN,0.0,NaN,1141.0,NaN,2004-07-22,2.0,NaN,NaN,NaN,2004
1023.0,2024-09-30,30,29292.0,-531.0,0.0,18274.0,659.0,6622.0,2378.0,29292.0,0.0,0,-1.0,977.0,0,9,-452.0,32000.0,1018.0,0.0,1397.0,10.0,1502.0,2024-09-30,19.0,NaN,33494.0,1423.0,2024
NaN,2007-07-27,27,24188.0,NaN,NaN,NaN,NaN,0.0,0.0,24188.0,NaN,0,NaN,1995.0,0,7,-119.0,26546.0,NaN,0.0,NaN,1025.0,NaN,2007-07-27,3.0,NaN,28190.0,NaN,2007
NaN,2006-12-15,15,28501.0,NaN,NaN,NaN,NaN,NaN,NaN,28501.0,NaN,0,NaN,68.0,0,12,-16.0,31833.0,NaN,0.0,NaN,1634.0,NaN,2006-12-15,10.0,NaN,34083.0,NaN,2006
998.0,2014-02-06,6,34161.0,-529.0,NaN,3637.0,0.0,2524.0,367.0,34161.0,NaN,0,0.0,1996.0,0,2,-251.0,37922.0,0.0,0.0,NaN,10.0,NaN,2014-02-06,45.0,NaN,39312.0,NaN,2014
720.0,2017-05-15,15,18915.0,0.0,NaN,12000.0,0.0,5108.0,1224.0,18915.0,NaN,0,0.0,1601.0,0,5,245.0,20764.0,0.0,0.0,NaN,1411.0,NaN,2017-05-15,3.0,NaN,22674.0,NaN,2017
0.0,2010-11-29,29,46441.0,0.0,NaN,68.0,5.0,2139.0,284.0,46441.0,NaN,0,0.0,-1462.0,0,11,-401.0,51353.0,0.0,0.0,NaN,10.0,NaN,2010-11-29,29.0,NaN,53826.0,NaN,2010
NaN,2006-07-03,3,33950.0,NaN,NaN,NaN,NaN,NaN,NaN,33950.0,NaN,0,NaN,1142.0,0,7,-64.0,37106.0,NaN,0.0,NaN,10.0,NaN,2006-07-03,43.0,NaN,37680.0,NaN,2006
NaN,2001-12-23,23,36216.0,NaN,NaN,NaN,NaN,NaN,NaN,36216.0,NaN,0,NaN,752.0,0,12,NaN,40638.0,NaN,0.0,NaN,0.0,NaN,2001-12-23,31.0,NaN,NaN,NaN,2001
1004.0,2014-06-18,18,32281.0,-455.0,NaN,4877.0,2750.0,3575.0,399.0,32281.0,NaN,0,0.0,1496.0,0,6,-251.0,35463.0,0.0,0.0,NaN,5.0,NaN,2014-06-18,31.0,NaN,36674.0,NaN,2014
NaN,2001-08-15,15,24860.0,NaN,NaN,NaN,NaN,NaN,NaN,24860.0,NaN,0,NaN,1612.0,0,8,NaN,27504.0,NaN,0.0,NaN,1152.0,NaN,2001-08-15,3.0,NaN,NaN,NaN,2001
0.0,2021-03-14,14,19543.0,0.0,0.0,13565.0,0.0,6527.0,3502.0,19543.0,0.0,0,89.0,67.0,0,3,-101.0,20723.0,590.0,0.0,0.0,1502.0,NaN,2021-03-14,8.0,NaN,22926.0,0.0,2021
-388.0,2013-09-05,5,24854.0,-52.0,NaN,2951.0,0.0,2486.0,174.0,24854.0,NaN,0,0.0,352.0,0,9,0.0,27339.0,0.0,0.0,NaN,201.0,NaN,2013-09-05,13.0,NaN,28480.0,NaN,2013
472.0,2022-10-10,10,24877.0,-243.0,0.0,14853.0,4906.0,6545.0,2418.0,24877.0,0.0,0,-1029.0,0.0,0,10,-437.0,27035.0,55.0,0.0,615.0,7.0,NaN,2022-10-10,21.0,NaN,29251.0,0.0,2022
892.0,2013-08-31,31,28156.0,-372.0,NaN,2940.0,1170.0,2450.0,716.0,28156.0,NaN,0,0.0,1494.0,0,8,0.0,30919.0,0.0,0.0,NaN,14.0,NaN,2013-08-31,19.0,NaN,31805.0,NaN,2013
1.0,2021-04-29,29,21771.0,-27.0,0.0,13661.0,0.0,6527.0,746.0,21771.0,0.0,0,-2.0,1804.0,0,4,-156.0,24008.0,901.0,0.0,0.0,999.0,NaN,2021-04-29,4.0,NaN,25692.0,0.0,2021
NaN,2006-07-24,24,33898.0,NaN,NaN,NaN,NaN,NaN,NaN,33898.0,NaN,0,NaN,879.0,0,7,-72.0,37096.0,NaN,0.0,NaN,10.0,NaN,2006-07-24,41.0,NaN,37678.0,NaN,2006
0.0,2024-08-04,4,17392.0,0.0,997.0,18037.0,6354.0,6563.0,2140.0,17392.0,0.0,0,967.0,942.0,0,8,49.0,18811.0,1019.0,0.0,1398.0,653.0,3062.0,2024-08-04,28.0,NaN,19964.0,850.0,2024
NaN,2003-06-24,24,29807.0,NaN,NaN,NaN,NaN,NaN,NaN,29807.0,NaN,0,NaN,-995.0,0,6,NaN,32892.0,NaN,0.0,NaN,284.0,NaN,2003-06-24,47.0,NaN,NaN,NaN,2003
0.0,2021-04-10,10,23745.0,0.0,0.0,13648.0,359.0,6527.0,705.0,23745.0,0.0,0,972.0,1997.0,0,4,-232.0,26300.0,987.0,0.0,0.0,6.0,NaN,2021-04-10,15.0,NaN,27038.0,0.0,2021
1005.0,2025-06-29,29,18921.0,0.0,993.0,20987.0,7327.0,6606.0,775.0,18921.0,-134.0,0,947.0,1560.0,0,6,-4.0,20769.0,995.0,0.0,1395.0,5.0,2234.0,2025-06-29,33.0,NaN,21412.0,1396.0,2025
NaN,2001-01-02,2,31190.0,NaN,NaN,NaN,NaN,NaN,NaN,31190.0,NaN,0,NaN,1494.0,0,1,NaN,34889.0,NaN,0.0,NaN,132.0,NaN,2001-01-02,6.0,NaN,NaN,NaN,2001
0.0,2010-08-05,5,20332.0,0.0,NaN,37.0,0.0,2092.0,1101.0,20332.0,NaN,0,0.0,1990.0,0,8,-328.0,22376.0,0.0,0.0,NaN,1410.0,NaN,2010-08-05,4.0,NaN,24614.0,NaN,2010
970.0,2017-07-19,19,31604.0,0.0,NaN,12372.0,1420.0,5305.0,2212.0,31604.0,NaN,0,0.0,1998.0,0,7,245.0,34439.0,0.0,263.0,NaN,16.0,NaN,2017-07-19,35.0,NaN,34692.0,NaN,2017
NaN,2002-10-30,30,37529.0,NaN,NaN,NaN,NaN,NaN,NaN,37529.0,NaN,0,NaN,1993.0,0,10,NaN,42146.0,NaN,0.0,NaN,3.0,NaN,2002-10-30,44.0,NaN,NaN,NaN,2002
NaN,2004-03-14,14,32961.0,NaN,NaN,NaN,NaN,NaN,NaN,32961.0,NaN,0,NaN,1993.0,0,3,NaN,36602.0,NaN,0.0,NaN,571.0,NaN,2004-03-14,4.0,NaN,NaN,NaN,2004
471.0,2023-05-02,2,27452.0,0.0,793.0,15599.0,0.0,6545.0,899.0,27452.0,0.0,0,562.0,1536.0,0,5,-82.0,30258.0,453.0,0.0,1296.0,10.0,153.0,2023-05-02,42.0,NaN,30850.0,0.0,2023
0.0,2010-10-24,24,32036.0,0.0,NaN,59.0,7.0,2121.0,886.0,32036.0,NaN,0,0.0,-735.0,0,10,-248.0,35518.0,0.0,0.0,NaN,5.0,NaN,2010-10-24,32.0,NaN,37006.0,NaN,2010
713.0,2011-08-21,21,28572.0,0.0,NaN,561.0,27.0,1828.0,355.0,28572.0,NaN,0,0.0,998.0,0,8,-250.0,31672.0,0.0,0.0,NaN,8.0,NaN,2011-08-21,38.0,NaN,32430.0,NaN,2011
-564.0,2024-06-29,29,18040.0,-527.0,995.0,17738.0,0.0,6562.0,1133.0,18040.0,0.0,0,992.0,1504.0,0,6,-330.0,19509.0,604.0,0.0,1399.0,6.0,2245.0,2024-06-29,3.0,NaN,21436.0,224.0,2024
678.0,2024-03-31,31,21605.0,-85.0,998.0,17199.0,0.0,6562.0,1986.0,21605.0,0.0,0,992.0,1497.0,0,3,-319.0,23423.0,562.0,0.0,1379.0,578.0,1288.0,2024-03-31,44.0,NaN,24905.0,227.0,2024
1000.0,2017-02-20,20,32544.0,-47.0,NaN,11606.0,2270.0,4781.0,3306.0,32544.0,NaN,0,0.0,-1528.0,0,2,-108.0,34903.0,0.0,0.0,NaN,4.0,NaN,2017-02-20,28.0,NaN,37190.0,NaN,2017
909.0,2012-05-19,19,30422.0,0.0,NaN,1522.0,428.0,2019.0,194.0,30422.0,NaN,0,0.0,996.0,0,5,-413.0,33683.0,0.0,0.0,NaN,14.0,NaN,2012-05-19,30.0,NaN,34610.0,NaN,2012
NaN,2007-02-21,21,30225.0,NaN,NaN,NaN,NaN,0.0,0.0,30225.0,NaN,0,NaN,-362.0,0,2,-265.0,33653.0,NaN,0.0,NaN,1300.0,NaN,2007-02-21,12.0,NaN,36180.0,NaN,2007
1050.0,2023-03-03,3,33762.0,-530.0,617.0,15268.0,2220.0,6545.0,834.0,33762.0,0.0,0,826.0,1648.0,0,3,-451.0,36703.0,743.0,0.0,1397.0,6.0,-498.0,2023-03-03,21.0,NaN,38290.0,0.0,2023
1001.0,2013-03-22,22,41482.0,0.0,NaN,2569.0,1.0,2113.0,1721.0,41482.0,NaN,0,0.0,1142.0,0,3,0.0,45546.0,0.0,0.0,NaN,11.0,NaN,2013-03-22,41.0,NaN,46157.0,NaN,2013
977.0,2015-08-31,31,27496.0,-456.0,NaN,8841.0,1410.0,3977.0,878.0,27496.0,NaN,0,0.0,1943.0,0,8,-251.0,30634.0,0.0,0.0,NaN,11.0,NaN,2015-08-31,28.0,NaN,31852.0,NaN,2015
0.0,2010-03-19,19,42436.0,0.0,NaN,0.0,0.0,1829.0,864.0,42436.0,NaN,0,0.0,1648.0,0,3,-431.0,46821.0,0.0,147.0,NaN,11.0,NaN,2010-03-19,38.0,NaN,47716.0,NaN,2010
0.0,2017-11-21,21,29598.0,439.0,NaN,12372.0,0.0,5305.0,1315.0,29598.0,NaN,0,0.0,-2043.0,0,11,81.0,32592.0,0.0,0.0,NaN,12.0,NaN,2017-11-21,14.0,NaN,35247.0,NaN,2017
439.0,2013-06-14,14,31657.0,-531.0,NaN,2797.0,509.0,2111.0,982.0,31657.0,NaN,0,0.0,994.0,0,6,-251.0,34476.0,0.0,0.0,NaN,14.0,NaN,2013-06-14,38.0,NaN,35772.0,NaN,2013
328.0,2022-06-05,5,23490.0,-172.0,270.0,14298.0,1914.0,6545.0,1491.0,23490.0,0.0,0,464.0,383.0,0,6,-255.0,25468.0,88.0,0.0,693.0,7.0,NaN,2022-06-05,30.0,NaN,26402.0,0.0,2022
803.0,2018-05-13,13,18692.0,499.0,NaN,13052.0,683.0,5859.0,424.0,18692.0,NaN,0,0.0,1600.0,0,5,288.0,20896.0,0.0,0.0,NaN,1029.0,NaN,2018-05-13,14.0,NaN,22425.0,NaN,2018
885.0,2017-04-02,2,19486.0,106.0,NaN,11750.0,0.0,4831.0,671.0,19486.0,NaN,0,0.0,1798.0,0,4,113.0,21489.0,0.0,0.0,NaN,558.0,NaN,2017-04-02,10.0,NaN,22547.0,NaN,2017
97.0,2018-08-07,7,27163.0,-136.0,NaN,13052.0,5010.0,5913.0,1296.0,27163.0,NaN,0,0.0,-63.0,0,8,-155.0,29708.0,0.0,0.0,NaN,11.0,NaN,2018-08-07,31.0,NaN,30573.0,NaN,2018
993.0,2012-04-07,7,30573.0,0.0,NaN,1444.0,257.0,2019.0,172.0,30573.0,NaN,0,0.0,997.0,0,4,-412.0,33831.0,0.0,0.0,NaN,5.0,NaN,2012-04-07,31.0,NaN,34748.0,NaN,2012
NaN,2005-04-01,1,38393.0,NaN,NaN,NaN,NaN,NaN,NaN,38393.0,NaN,0,NaN,1634.0,0,4,-196.0,42543.0,NaN,0.0,NaN,8.0,NaN,2005-04-01,32.0,NaN,43247.0,NaN,2005
NaN,2007-10-20,20,26010.0,NaN,NaN,NaN,NaN,0.0,0.0,26010.0,NaN,0,NaN,-15.0,0,10,-44.0,28845.0,NaN,0.0,NaN,1788.0,NaN,2007-10-20,9.0,NaN,31192.0,NaN,2007
710.0,2018-05-23,23,18210.0,333.0,NaN,13052.0,0.0,5859.0,1065.0,18210.0,NaN,0,0.0,1600.0,0,5,289.0,20257.0,0.0,0.0,NaN,1083.0,NaN,2018-05-23,6.0,NaN,21840.0,NaN,2018
NaN,2001-10-24,24,27458.0,NaN,NaN,NaN,NaN,NaN,NaN,27458.0,NaN,0,NaN,1411.0,0,10,NaN,30650.0,NaN,0.0,NaN,1195.0,NaN,2001-10-24,5.0,NaN,NaN,NaN,2001
NaN,2002-11-28,28,30239.0,NaN,NaN,NaN,NaN,NaN,NaN,30239.0,NaN,0,NaN,1991.0,0,11,NaN,34037.0,NaN,0.0,NaN,1185.0,NaN,2002-11-28,8.0,NaN,NaN,NaN,2002
NaN,2003-11-12,12,41771.0,NaN,NaN,NaN,NaN,NaN,NaN,41771.0,NaN,0,NaN,-726.0,0,11,NaN,46351.0,NaN,0.0,NaN,5.0,NaN,2003-11-12,42.0,NaN,NaN,NaN,2003
0.0,2011-04-20,20,33813.0,0.0,NaN,146.0,11.0,1761.0,94.0,33813.0,NaN,0,0.0,275.0,0,4,-412.0,37261.0,0.0,0.0,NaN,7.0,NaN,2011-04-20,39.0,NaN,38180.0,NaN,2011
NaN,2007-02-06,6,45129.0,NaN,NaN,NaN,NaN,0.0,0.0,45129.0,NaN,0,NaN,-1815.0,0,2,-335.0,49905.0,NaN,0.0,NaN,6.0,NaN,2007-02-06,28.0,NaN,52661.0,NaN,2007
0.0,2009-12-05,5,42096.0,0.0,NaN,0.0,0.0,1773.0,1182.0,42096.0,NaN,0,0.0,282.0,0,12,-321.0,46551.0,0.0,0.0,NaN,11.0,NaN,2009-12-05,36.0,NaN,47483.0,NaN,2009
142.0,2012-01-13,13,40446.0,0.0,NaN,1188.0,40.0,1866.0,46.0,40446.0,NaN,0,0.0,1086.0,0,1,0.0,44749.0,0.0,0.0,NaN,8.0,NaN,2012-01-13,32.0,NaN,45357.0,NaN,2012
1000.0,2013-10-25,25,35793.0,-493.0,NaN,3085.0,0.0,2392.0,1185.0,35793.0,NaN,0,0.0,1741.0,0,10,-251.0,39206.0,0.0,0.0,NaN,6.0,NaN,2013-10-25,40.0,NaN,40456.0,NaN,2013
993.0,2012-08-13,13,19731.0,0.0,NaN,1833.0,0.0,2085.0,452.0,19731.0,NaN,0,0.0,1516.0,0,8,-250.0,21608.0,0.0,0.0,NaN,1579.0,NaN,2012-08-13,7.0,NaN,23937.0,NaN,2012
853.0,2020-02-23,23,26764.0,128.0,0.0,13065.0,3892.0,6465.0,5030.0,26764.0,0.0,0,0.0,1801.0,0,2,11.0,29070.0,854.0,0.0,0.0,17.0,NaN,2020-02-23,25.0,NaN,29687.0,0.0,2020
1004.0,2015-10-27,27,35808.0,-301.0,NaN,8953.0,967.0,4013.0,1220.0,35808.0,NaN,0,0.0,1398.0,0,10,-106.0,39261.0,0.0,37.0,NaN,11.0,NaN,2015-10-27,20.0,NaN,40242.0,NaN,2015
490.0,2017-12-13,13,39848.0,-81.0,NaN,12916.0,618.0,5754.0,2971.0,39848.0,NaN,0,0.0,-589.0,0,12,-81.0,43428.0,0.0,0.0,NaN,10.0,NaN,2017-12-13,22.0,NaN,44789.0,NaN,2017
631.0,2019-06-24,24,28270.0,-536.0,0.0,12844.0,3001.0,6137.0,846.0,28270.0,0.0,0,0.0,1003.0,0,6,-414.0,31357.0,999.0,0.0,0.0,9.0,NaN,2019-06-24,25.0,NaN,32816.0,0.0,2019
418.0,2023-05-08,8,19650.0,-461.0,530.0,15614.0,0.0,6545.0,925.0,19650.0,0.0,0,499.0,1107.0,0,5,-451.0,21743.0,191.0,0.0,1296.0,13.0,-578.0,2023-05-08,47.0,NaN,23168.0,0.0,2023
NaN,2004-05-26,26,25916.0,NaN,NaN,NaN,NaN,NaN,NaN,25916.0,NaN,0,NaN,1470.0,0,5,NaN,28857.0,NaN,0.0,NaN,657.0,NaN,2004-05-26,1.0,NaN,NaN,NaN,2004
1002.0,2016-07-14,14,27227.0,-218.0,NaN,10500.0,5290.0,4253.0,662.0,27227.0,NaN,0,0.0,1496.0,0,7,0.0,30225.0,0.0,0.0,NaN,7.0,NaN,2016-07-14,29.0,NaN,30950.0,NaN,2016
NaN,2002-10-04,4,38186.0,NaN,NaN,NaN,NaN,NaN,NaN,38186.0,NaN,0,NaN,-864.0,0,10,NaN,42248.0,NaN,0.0,NaN,0.0,NaN,2002-10-04,25.0,NaN,NaN,NaN,2002
NaN,2004-02-20,20,45710.0,NaN,NaN,NaN,NaN,NaN,NaN,45710.0,NaN,0,NaN,369.0,0,2,NaN,50603.0,NaN,0.0,NaN,0.0,NaN,2004-02-20,40.0,NaN,NaN,NaN,2004
363.0,2024-04-04,4,30453.0,99.0,996.0,17212.0,0.0,6562.0,1872.0,30453.0,0.0,0,992.0,1004.0,0,4,285.0,33313.0,1019.0,0.0,1397.0,5.0,1135.0,2024-04-04,40.0,NaN,33818.0,386.0,2024
999.0,2016-08-08,8,27199.0,-167.0,NaN,10500.0,3310.0,4268.0,2302.0,27199.0,NaN,0,0.0,1998.0,0,8,0.0,29471.0,0.0,0.0,NaN,8.0,NaN,2016-08-08,34.0,NaN,30146.0,NaN,2016
NaN,2004-04-15,15,29919.0,NaN,NaN,NaN,NaN,NaN,NaN,29919.0,NaN,0,NaN,20.0,0,4,NaN,33293.0,NaN,0.0,NaN,626.0,NaN,2004-04-15,13.0,NaN,NaN,NaN,2004
993.0,2014-06-19,19,33258.0,-436.0,NaN,4883.0,2230.0,3575.0,389.0,33258.0,NaN,0,0.0,1496.0,0,6,-125.0,36490.0,0.0,0.0,NaN,3.0,NaN,2014-06-19,23.0,NaN,37554.0,NaN,2014
1001.0,2018-02-02,2,39423.0,-357.0,NaN,12916.0,22.0,5779.0,700.0,39423.0,NaN,0,0.0,1997.0,0,2,-408.0,43503.0,0.0,0.0,NaN,9.0,NaN,2018-02-02,34.0,NaN,44877.0,NaN,2018
NaN,2002-04-10,10,39453.0,NaN,NaN,NaN,NaN,NaN,NaN,39453.0,NaN,0,NaN,21.0,0,4,NaN,43579.0,NaN,0.0,NaN,1.0,NaN,2002-04-10,16.0,NaN,NaN,NaN,2002
992.0,2012-01-16,16,28353.0,0.0,NaN,1204.0,0.0,1866.0,400.0,28353.0,NaN,0,0.0,772.0,0,1,0.0,31521.0,0.0,0.0,NaN,1383.0,NaN,2012-01-16,5.0,NaN,33504.0,NaN,2012
1020.0,2016-11-02,2,39489.0,0.0,NaN,11433.0,0.0,4932.0,359.0,39489.0,NaN,0,0.0,1917.0,0,11,-453.0,43704.0,0.0,0.0,NaN,8.0,NaN,2016-11-02,40.0,NaN,44765.0,NaN,2016
856.0,2021-07-13,13,18367.0,-494.0,0.0,13731.0,0.0,6527.0,457.0,18367.0,0.0,0,701.0,1706.0,0,7,0.0,20190.0,853.0,0.0,-1.0,1071.0,NaN,2021-07-13,5.0,NaN,22256.0,0.0,2021
NaN,2001-10-21,21,23956.0,NaN,NaN,NaN,NaN,NaN,NaN,23956.0,NaN,0,NaN,1001.0,0,10,NaN,27098.0,NaN,0.0,NaN,1134.0,NaN,2001-10-21,2.0,NaN,NaN,NaN,2001
102.0,2023-04-04,4,27361.0,333.0,-232.0,15513.0,0.0,6545.0,1670.0,27361.0,0.0,0,-106.0,-10.0,0,4,283.0,29477.0,157.0,0.0,1095.0,16.0,3042.0,2023-04-04,44.0,NaN,30341.0,0.0,2023
-627.0,2020-07-01,1,18670.0,499.0,0.0,13129.0,422.0,6527.0,852.0,18670.0,0.0,0,0.0,-1388.0,0,7,216.0,20438.0,-925.0,0.0,0.0,8.0,NaN,2020-07-01,13.0,NaN,23886.0,0.0,2020
0.0,2010-10-01,1,37389.0,0.0,NaN,52.0,2.0,2121.0,1866.0,37389.0,NaN,0,0.0,-930.0,0,10,-248.0,41347.0,0.0,0.0,NaN,11.0,NaN,2010-10-01,27.0,NaN,43036.0,NaN,2010
806.0,2014-08-30,30,19961.0,127.0,NaN,5213.0,49.0,3948.0,1348.0,19961.0,NaN,0,0.0,1605.0,0,8,48.0,21642.0,0.0,0.0,NaN,1136.0,NaN,2014-08-30,13.0,NaN,23278.0,NaN,2014
0.0,2013-09-13,13,21544.0,0.0,NaN,2969.0,0.0,2486.0,417.0,21544.0,NaN,0,0.0,1942.0,0,9,0.0,23620.0,0.0,0.0,NaN,1256.0,NaN,2013-09-13,6.0,NaN,25376.0,NaN,2013
NaN,2002-10-27,27,32881.0,NaN,NaN,NaN,NaN,NaN,NaN,32881.0,NaN,0,NaN,1847.0,0,10,NaN,36838.0,NaN,0.0,NaN,0.0,NaN,2002-10-27,23.0,NaN,NaN,NaN,2002
-1015.0,2024-04-29,29,18818.0,-89.0,995.0,17315.0,9.0,6562.0,2165.0,18818.0,0.0,0,974.0,753.0,0,4,-12.0,20549.0,-837.0,0.0,1398.0,17.0,489.0,2024-04-29,12.0,NaN,24060.0,-1041.0,2024
289.0,2024-01-06,6,28050.0,-521.0,998.0,16801.0,3529.0,6488.0,890.0,28050.0,0.0,0,-4.0,995.0,0,1,-450.0,30992.0,484.0,0.0,1398.0,8.0,685.0,2024-01-06,23.0,NaN,32575.0,12.0,2024
0.0,2009-06-06,6,30456.0,0.0,NaN,0.0,0.0,1717.0,713.0,30456.0,NaN,0,0.0,2000.0,0,6,-231.0,33545.0,0.0,0.0,NaN,3.0,NaN,2009-06-06,37.0,NaN,34279.0,NaN,2009
751.0,2023-06-07,7,23371.0,-527.0,997.0,15760.0,2850.0,6538.0,922.0,23371.0,0.0,0,-4.0,533.0,0,6,-452.0,26023.0,710.0,0.0,1298.0,6.0,-1328.0,2023-06-07,18.0,NaN,27512.0,0.0,2023
209.0,2011-09-08,8,36449.0,0.0,NaN,624.0,42.0,1836.0,862.0,36449.0,NaN,0,0.0,434.0,0,9,0.0,40105.0,0.0,0.0,NaN,12.0,NaN,2011-09-08,23.0,NaN,40617.0,NaN,2011
NaN,2002-01-24,24,46493.0,NaN,NaN,NaN,NaN,NaN,NaN,46493.0,NaN,0,NaN,160.0,0,1,NaN,51735.0,NaN,0.0,NaN,0.0,NaN,2002-01-24,39.0,NaN,NaN,NaN,2002
851.0,2020-04-15,15,18042.0,-536.0,0.0,13111.0,8668.0,6527.0,1362.0,18042.0,0.0,0,0.0,1706.0,0,4,-456.0,20197.0,854.0,0.0,0.0,409.0,NaN,2020-04-15,29.0,NaN,22098.0,0.0,2020
994.0,2012-11-13,13,27248.0,0.0,NaN,1987.0,0.0,2085.0,640.0,27248.0,NaN,0,0.0,995.0,0,11,-251.0,30039.0,0.0,0.0,NaN,859.0,NaN,2012-11-13,1.0,NaN,31749.0,NaN,2012
NaN,2004-12-09,9,34876.0,NaN,NaN,NaN,NaN,NaN,NaN,34876.0,NaN,0,NaN,474.0,0,12,NaN,38921.0,NaN,0.0,NaN,905.0,NaN,2004-12-09,48.0,NaN,NaN,NaN,2004
NaN,2003-07-16,16,36572.0,NaN,NaN,NaN,NaN,NaN,NaN,36572.0,NaN,0,NaN,331.0,0,7,NaN,39929.0,NaN,0.0,NaN,4.0,NaN,2003-07-16,38.0,NaN,NaN,NaN,2003
816.0,2012-11-17,17,23136.0,0.0,NaN,1990.0,0.0,2085.0,213.0,23136.0,NaN,0,0.0,995.0,0,11,-230.0,25764.0,0.0,0.0,NaN,1847.0,NaN,2012-11-17,10.0,NaN,28441.0,NaN,2012
-949.0,2025-08-09,9,17340.0,-308.0,937.0,19451.0,5862.0,6606.0,3657.0,17340.0,-514.0,0,951.0,1953.0,0,8,-451.0,18305.0,-538.0,0.0,-7.0,41.0,4531.0,2025-08-09,35.0,NaN,22661.0,-1048.0,2025
NaN,2006-06-11,11,20602.0,NaN,NaN,NaN,NaN,NaN,NaN,20602.0,NaN,0,NaN,1246.0,0,6,-111.0,22787.0,NaN,0.0,NaN,1644.0,NaN,2006-06-11,11.0,NaN,25042.0,NaN,2006
936.0,2019-03-22,22,30417.0,504.0,0.0,12764.0,180.0,6192.0,2933.0,30417.0,0.0,0,0.0,1995.0,0,3,81.0,32494.0,710.0,0.0,0.0,8.0,NaN,2019-03-22,15.0,NaN,33102.0,0.0,2019
NaN,2001-03-29,29,41870.0,NaN,NaN,NaN,NaN,NaN,NaN,41870.0,NaN,0,NaN,1980.0,0,3,NaN,46548.0,NaN,0.0,NaN,0.0,NaN,2001-03-29,35.0,NaN,NaN,NaN,2001
0.0,2009-07-29,29,36768.0,0.0,NaN,0.0,0.0,1725.0,499.0,36768.0,NaN,0,0.0,1130.0,0,7,-412.0,40218.0,0.0,0.0,NaN,8.0,NaN,2009-07-29,26.0,NaN,41138.0,NaN,2009
1002.0,2025-03-21,21,24881.0,-529.0,995.0,20024.0,4597.0,6606.0,4054.0,24881.0,-514.0,0,992.0,2001.0,0,3,-350.0,26895.0,991.0,0.0,337.0,1221.0,3711.0,2025-03-21,28.0,NaN,30109.0,997.0,2025
NaN,2005-06-06,6,37011.0,NaN,NaN,NaN,NaN,NaN,NaN,37011.0,NaN,0,NaN,686.0,0,6,-233.0,40809.0,NaN,0.0,NaN,6.0,NaN,2005-06-06,17.0,NaN,41548.0,NaN,2005
1058.0,2018-07-19,19,27284.0,-35.0,NaN,13052.0,5530.0,5913.0,322.0,27284.0,NaN,0,0.0,1998.0,0,7,-319.0,30316.0,0.0,88.0,NaN,10.0,NaN,2018-07-19,21.0,NaN,31092.0,NaN,2018
-270.0,2022-09-14,14,25510.0,349.0,-1021.0,14775.0,1689.0,6545.0,893.0,25510.0,0.0,0,-954.0,-948.0,0,9,48.0,27982.0,-871.0,0.0,105.0,7.0,NaN,2022-09-14,18.0,NaN,32553.0,0.0,2022
0.0,2010-10-21,21,39510.0,0.0,NaN,58.0,11.0,2121.0,1492.0,39510.0,NaN,0,0.0,-1020.0,0,10,-248.0,43345.0,0.0,0.0,NaN,6.0,NaN,2010-10-21,25.0,NaN,45119.0,NaN,2010
0.0,2009-02-26,26,40814.0,0.0,NaN,0.0,0.0,1405.0,820.0,40814.0,NaN,0,0.0,-76.0,0,2,-353.0,44935.0,0.0,0.0,NaN,6.0,NaN,2009-02-26,20.0,NaN,45970.0,NaN,2009
NaN,2002-03-28,28,32264.0,NaN,NaN,NaN,NaN,NaN,NaN,32264.0,NaN,0,NaN,1524.0,0,3,NaN,36100.0,NaN,0.0,NaN,646.0,NaN,2002-03-28,3.0,NaN,NaN,NaN,2002
499.0,2015-05-26,26,30507.0,-285.0,NaN,8617.0,3200.0,3900.0,863.0,30507.0,NaN,0,0.0,1997.0,0,5,-189.0,33543.0,0.0,0.0,NaN,9.0,NaN,2015-05-26,20.0,NaN,34526.0,NaN,2015
0.0,2011-02-20,20,37707.0,0.0,NaN,107.0,6.0,1734.0,865.0,37707.0,NaN,0,0.0,1495.0,0,2,-269.0,41477.0,0.0,0.0,NaN,11.0,NaN,2011-02-20,28.0,NaN,42357.0,NaN,2011
462.0,2024-06-01,1,20097.0,-527.0,996.0,17595.0,4155.0,6562.0,1544.0,20097.0,0.0,0,992.0,1505.0,0,6,-451.0,21921.0,-168.0,0.0,1399.0,12.0,55.0,2024-06-01,35.0,NaN,23579.0,1157.0,2024
NaN,2007-02-21,21,32281.0,NaN,NaN,NaN,NaN,0.0,0.0,32281.0,NaN,0,NaN,159.0,0,2,-265.0,35855.0,NaN,0.0,NaN,861.0,NaN,2007-02-21,3.0,NaN,37581.0,NaN,2007
0.0,2009-11-23,23,30935.0,0.0,NaN,0.0,0.0,1740.0,1340.0,30935.0,NaN,0,0.0,-1174.0,0,11,-343.0,34397.0,0.0,0.0,NaN,76.0,NaN,2009-11-23,46.0,NaN,36590.0,NaN,2009
0.0,2010-03-08,8,28292.0,0.0,NaN,0.0,0.0,1829.0,177.0,28292.0,NaN,0,0.0,-1959.0,0,3,-226.0,31633.0,0.0,0.0,NaN,1670.0,NaN,2010-03-08,10.0,NaN,36088.0,NaN,2010
515.0,2018-05-18,18,20950.0,469.0,NaN,13052.0,206.0,5859.0,429.0,20950.0,NaN,0,0.0,1997.0,0,5,184.0,23103.0,0.0,0.0,NaN,1069.0,NaN,2018-05-18,12.0,NaN,24672.0,NaN,2018
1002.0,2024-11-02,2,21093.0,-529.0,0.0,18535.0,0.0,6622.0,495.0,21093.0,0.0,0,-1.0,2003.0,0,11,-452.0,23120.0,978.0,0.0,1399.0,7.0,851.0,2024-11-02,3.0,NaN,24709.0,1346.0,2024
179.0,2019-07-31,31,16618.0,-80.0,0.0,12856.0,0.0,6137.0,1821.0,16618.0,0.0,0,0.0,970.0,0,7,-434.0,18499.0,667.0,0.0,0.0,628.0,NaN,2019-07-31,9.0,NaN,20141.0,0.0,2019
840.0,2015-10-22,22,21560.0,283.0,NaN,8946.0,0.0,4013.0,2345.0,21560.0,NaN,0,0.0,1335.0,0,10,198.0,23061.0,0.0,0.0,NaN,1479.0,NaN,2015-10-22,3.0,NaN,25040.0,NaN,2015
1000.0,2013-10-07,7,37978.0,-468.0,NaN,3029.0,0.0,2337.0,642.0,37978.0,NaN,0,0.0,1995.0,0,10,-251.0,41471.0,0.0,45.0,NaN,5.0,NaN,2013-10-07,40.0,NaN,42650.0,NaN,2013
617.0,2024-04-22,22,29488.0,-503.0,978.0,17297.0,1820.0,6562.0,564.0,29488.0,0.0,0,947.0,996.0,0,4,-452.0,32416.0,874.0,0.0,1341.0,9.0,662.0,2024-04-22,17.0,NaN,33880.0,515.0,2024
NaN,2001-02-25,25,34392.0,NaN,NaN,NaN,NaN,NaN,NaN,34392.0,NaN,0,NaN,351.0,0,2,NaN,38592.0,NaN,0.0,NaN,0.0,NaN,2001-02-25,31.0,NaN,NaN,NaN,2001
1000.0,2019-02-21,21,29750.0,488.0,0.0,12709.0,4118.0,6192.0,2090.0,29750.0,0.0,0,0.0,1995.0,0,2,121.0,32544.0,1000.0,0.0,0.0,6.0,NaN,2019-02-21,30.0,NaN,33150.0,0.0,2019
1031.0,2021-09-16,16,25581.0,126.0,0.0,13810.0,5806.0,6527.0,729.0,25581.0,0.0,0,795.0,0.0,0,9,402.0,28555.0,925.0,0.0,692.0,9.0,NaN,2021-09-16,24.0,NaN,29063.0,0.0,2021
NaN,2006-11-23,23,42277.0,NaN,NaN,NaN,NaN,NaN,NaN,42277.0,NaN,0,NaN,-2.0,0,11,-319.0,46730.0,NaN,0.0,NaN,10.0,NaN,2006-11-23,25.0,NaN,47661.0,NaN,2006
671.0,2011-10-23,23,31679.0,0.0,NaN,853.0,20.0,1844.0,1124.0,31679.0,NaN,0,0.0,999.0,0,10,0.0,35194.0,0.0,0.0,NaN,14.0,NaN,2011-10-23,35.0,NaN,35708.0,NaN,2011
NaN,2005-06-08,8,29757.0,NaN,NaN,NaN,NaN,NaN,NaN,29757.0,NaN,0,NaN,401.0,0,6,-28.0,32781.0,NaN,0.0,NaN,34.0,NaN,2005-06-08,14.0,NaN,33343.0,NaN,2005
-586.0,2025-03-06,6,24462.0,148.0,954.0,19843.0,0.0,6606.0,2628.0,24462.0,504.0,0,700.0,1731.0,0,3,385.0,26057.0,-343.0,0.0,698.0,27.0,5253.0,2025-03-06,13.0,NaN,27613.0,1411.0,2025
-948.0,2022-11-13,13,19430.0,504.0,-1013.0,14934.0,0.0,6545.0,1518.0,19430.0,0.0,0,-963.0,-976.0,0,11,400.0,21211.0,-963.0,0.0,1257.0,4.0,NaN,2022-11-13,1.0,NaN,26678.0,0.0,2022
NaN,2005-11-27,27,41055.0,NaN,NaN,NaN,NaN,NaN,NaN,41055.0,NaN,0,NaN,1998.0,0,11,-70.0,45080.0,NaN,0.0,NaN,20.0,NaN,2005-11-27,30.0,NaN,45834.0,NaN,2005
0.0,2021-01-02,2,25736.0,0.0,0.0,13471.0,1.0,6527.0,916.0,25736.0,0.0,0,-1.0,2003.0,0,1,-17.0,28152.0,999.0,0.0,0.0,13.0,NaN,2021-01-02,17.0,NaN,28783.0,0.0,2021
476.0,2012-11-19,19,39856.0,-250.0,NaN,1991.0,157.0,2085.0,1441.0,39856.0,NaN,0,0.0,850.0,0,11,-251.0,43826.0,0.0,13.0,NaN,10.0,NaN,2012-11-19,22.0,NaN,44924.0,NaN,2012
891.0,2014-09-07,7,19067.0,-146.0,NaN,5257.0,0.0,3870.0,373.0,19067.0,NaN,0,0.0,1798.0,0,9,-88.0,20966.0,0.0,0.0,NaN,1120.0,NaN,2014-09-07,6.0,NaN,22820.0,NaN,2014
1000.0,2024-10-28,28,22123.0,-462.0,-1.0,18510.0,0.0,6622.0,636.0,22123.0,0.0,0,-1.0,2003.0,0,10,-384.0,24229.0,998.0,0.0,1397.0,8.0,292.0,2024-10-28,47.0,NaN,25685.0,1382.0,2024
597.0,2012-10-09,9,36707.0,0.0,NaN,1926.0,404.0,2085.0,189.0,36707.0,NaN,0,0.0,-361.0,0,10,-251.0,40361.0,0.0,0.0,NaN,9.0,NaN,2012-10-09,28.0,NaN,41482.0,NaN,2012
1020.0,2024-09-29,29,22303.0,406.0,0.0,18270.0,1579.0,6622.0,1514.0,22303.0,0.0,0,-1.0,999.0,0,9,400.0,24629.0,1017.0,0.0,1397.0,16.0,2012.0,2024-09-29,19.0,NaN,25146.0,985.0,2024
1021.0,2025-08-19,19,22159.0,-530.0,997.0,20993.0,5274.0,6606.0,1386.0,22159.0,-514.0,0,991.0,1828.0,0,8,-451.0,24416.0,509.0,0.0,1384.0,451.0,48.0,2025-08-19,30.0,NaN,26862.0,990.0,2025
876.0,2013-06-10,10,34606.0,-477.0,NaN,2791.0,877.0,2111.0,320.0,34606.0,NaN,0,0.0,994.0,0,6,-251.0,37925.0,0.0,0.0,NaN,15.0,NaN,2013-06-10,23.0,NaN,39168.0,NaN,2013
-426.0,2023-08-13,13,22938.0,-379.0,-107.0,16020.0,574.0,6538.0,1417.0,22938.0,0.0,0,-41.0,607.0,0,8,-452.0,24983.0,-74.0,0.0,1399.0,6.0,1420.0,2023-08-13,39.0,NaN,26968.0,0.0,2023
0.0,2021-04-01,1,26645.0,120.0,0.0,13642.0,385.0,6527.0,2243.0,26645.0,0.0,0,320.0,1020.0,0,4,243.0,29358.0,709.0,0.0,0.0,14.0,NaN,2021-04-01,16.0,NaN,29872.0,0.0,2021
NaN,2008-08-25,25,19770.0,NaN,NaN,NaN,NaN,1219.0,773.0,19770.0,NaN,0,NaN,1996.0,0,8,-17.0,21990.0,NaN,0.0,NaN,1710.0,NaN,2008-08-25,9.0,NaN,24217.0,NaN,2008
994.0,2012-04-05,5,38230.0,0.0,NaN,1441.0,399.0,2019.0,557.0,38230.0,NaN,0,0.0,997.0,0,4,-407.0,42185.0,0.0,0.0,NaN,15.0,NaN,2012-04-05,27.0,NaN,43119.0,NaN,2012
-956.0,2022-09-06,6,18390.0,296.0,-1024.0,14750.0,0.0,6545.0,1527.0,18390.0,0.0,0,-1029.0,-516.0,0,9,244.0,20031.0,-917.0,0.0,-210.0,618.0,NaN,2022-09-06,2.0,NaN,25801.0,0.0,2022
992.0,2012-07-22,22,26487.0,0.0,NaN,1805.0,946.0,2085.0,1170.0,26487.0,NaN,0,0.0,994.0,0,7,-251.0,28886.0,0.0,0.0,NaN,9.0,NaN,2012-07-22,30.0,NaN,29646.0,NaN,2012
589.0,2012-09-13,13,34796.0,0.0,NaN,1875.0,699.0,2085.0,848.0,34796.0,NaN,0,0.0,1494.0,0,9,-251.0,37896.0,0.0,0.0,NaN,9.0,NaN,2012-09-13,25.0,NaN,38656.0,NaN,2012
NaN,2001-03-04,4,35025.0,NaN,NaN,NaN,NaN,NaN,NaN,35025.0,NaN,0,NaN,2002.0,0,3,NaN,39488.0,NaN,0.0,NaN,10.0,NaN,2001-03-04,7.0,NaN,NaN,NaN,2001
-989.0,2023-08-04,4,15903.0,-340.0,271.0,16001.0,0.0,6538.0,1461.0,15903.0,0.0,0,252.0,577.0,0,8,-351.0,17097.0,-395.0,0.0,1199.0,61.0,1247.0,2023-08-04,10.0,NaN,19733.0,0.0,2023
NaN,2006-02-01,1,35773.0,NaN,NaN,NaN,NaN,NaN,NaN,35773.0,NaN,0,NaN,1246.0,0,2,-67.0,39892.0,NaN,0.0,NaN,1553.0,NaN,2006-02-01,5.0,NaN,42112.0,NaN,2006
NaN,2006-11-07,7,42872.0,NaN,NaN,NaN,NaN,NaN,NaN,42872.0,NaN,0,NaN,623.0,0,11,-39.0,46972.0,NaN,0.0,NaN,10.0,NaN,2006-11-07,30.0,NaN,47627.0,NaN,2006
0.0,2009-02-10,10,43942.0,0.0,NaN,0.0,0.0,1405.0,323.0,43942.0,NaN,0,0.0,998.0,0,2,-332.0,48670.0,0.0,0.0,NaN,2.0,NaN,2009-02-10,31.0,NaN,49604.0,NaN,2009
1009.0,2015-01-20,20,30107.0,-42.0,NaN,6097.0,0.0,4067.0,360.0,30107.0,NaN,0,0.0,1497.0,0,1,-23.0,33332.0,0.0,0.0,NaN,1858.0,NaN,2015-01-20,3.0,NaN,35855.0,NaN,2015
622.0,2016-06-21,21,29308.0,27.0,NaN,10500.0,2930.0,4260.0,700.0,29308.0,NaN,0,0.0,1491.0,0,6,0.0,32305.0,0.0,0.0,NaN,9.0,NaN,2016-06-21,18.0,NaN,32814.0,NaN,2016
1055.0,2025-05-23,23,18044.0,-401.0,0.0,20583.0,11046.0,6606.0,547.0,18044.0,-513.0,0,992.0,1356.0,0,5,-451.0,20227.0,1016.0,0.0,1397.0,4.0,-630.0,2025-05-23,27.0,NaN,22096.0,0.0,2025
1022.0,2021-08-04,4,22829.0,-535.0,0.0,13762.0,7805.0,6527.0,958.0,22829.0,0.0,0,949.0,1602.0,0,8,-454.0,25471.0,999.0,0.0,-1.0,2.0,NaN,2021-08-04,25.0,NaN,26963.0,0.0,2021
102.0,2013-09-20,20,28761.0,4.0,NaN,2985.0,0.0,2337.0,282.0,28761.0,NaN,0,0.0,965.0,0,9,-16.0,31731.0,0.0,0.0,NaN,9.0,NaN,2013-09-20,14.0,NaN,32256.0,NaN,2013
348.0,2012-04-12,12,24881.0,0.0,NaN,1450.0,0.0,2019.0,88.0,24881.0,NaN,0,0.0,-451.0,0,4,-211.0,27893.0,0.0,0.0,NaN,1071.0,NaN,2012-04-12,11.0,NaN,30126.0,NaN,2012
NaN,2006-06-06,6,23105.0,NaN,NaN,NaN,NaN,NaN,NaN,23105.0,NaN,0,NaN,1357.0,0,6,81.0,25595.0,NaN,0.0,NaN,1594.0,NaN,2006-06-06,10.0,NaN,27689.0,NaN,2006
994.0,2015-05-14,14,33917.0,-411.0,NaN,8572.0,1370.0,3790.0,1510.0,33917.0,NaN,0,0.0,1996.0,0,5,-155.0,37195.0,0.0,0.0,NaN,13.0,NaN,2015-05-14,20.0,NaN,38274.0,NaN,2015
999.0,2017-05-30,30,28190.0,0.0,NaN,12024.0,3650.0,5143.0,1263.0,28190.0,NaN,0,0.0,1905.0,0,5,120.0,31144.0,0.0,0.0,NaN,1.0,NaN,2017-05-30,22.0,NaN,31644.0,NaN,2017
622.0,2011-04-17,17,28264.0,0.0,NaN,144.0,29.0,1761.0,85.0,28264.0,NaN,0,0.0,998.0,0,4,-272.0,31337.0,0.0,0.0,NaN,12.0,NaN,2011-04-17,19.0,NaN,32121.0,NaN,2011
-310.0,2022-07-05,5,21130.0,437.0,-825.0,14430.0,0.0,6545.0,1171.0,21130.0,0.0,0,-1029.0,-930.0,0,7,0.0,22836.0,-822.0,0.0,1257.0,9.0,NaN,2022-07-05,47.0,NaN,27261.0,0.0,2022
NaN,2001-07-03,3,39152.0,NaN,NaN,NaN,NaN,NaN,NaN,39152.0,NaN,0,NaN,328.0,0,7,NaN,42986.0,NaN,0.0,NaN,0.0,NaN,2001-07-03,25.0,NaN,NaN,NaN,2001
904.0,2021-08-29,29,23708.0,-16.0,0.0,13783.0,2230.0,6527.0,1283.0,23708.0,0.0,0,893.0,1803.0,0,8,-364.0,26373.0,899.0,0.0,-1.0,8.0,NaN,2021-08-29,35.0,NaN,27261.0,0.0,2021
955.0,2022-02-09,9,32139.0,0.0,0.0,14058.0,2852.0,6527.0,3129.0,32139.0,0.0,0,568.0,171.0,0,2,116.0,34756.0,999.0,0.0,1048.0,64.0,NaN,2022-02-09,26.0,NaN,35420.0,0.0,2022
0.0,2010-10-26,26,30724.0,0.0,NaN,59.0,0.0,2121.0,1935.0,30724.0,NaN,0,0.0,-2044.0,0,10,-188.0,33791.0,0.0,0.0,NaN,14.0,NaN,2010-10-26,46.0,NaN,36537.0,NaN,2010
NaN,2006-06-28,28,38138.0,NaN,NaN,NaN,NaN,NaN,NaN,38138.0,NaN,0,NaN,-440.0,0,6,-56.0,41767.0,NaN,0.0,NaN,5.0,NaN,2006-06-28,32.0,NaN,42768.0,NaN,2006
NaN,2001-09-18,18,25554.0,NaN,NaN,NaN,NaN,NaN,NaN,25554.0,NaN,0,NaN,620.0,0,9,NaN,28446.0,NaN,0.0,NaN,978.0,NaN,2001-09-18,7.0,NaN,NaN,NaN,2001
NaN,2007-01-11,11,31169.0,NaN,NaN,NaN,NaN,0.0,0.0,31169.0,NaN,0,NaN,2001.0,0,1,-16.0,34898.0,NaN,0.0,NaN,1553.0,NaN,2007-01-11,7.0,NaN,37067.0,NaN,2007
990.0,2020-10-19,19,31561.0,124.0,0.0,13304.0,0.0,6527.0,2970.0,31561.0,0.0,0,0.0,1994.0,0,10,84.0,33759.0,817.0,0.0,0.0,10.0,NaN,2020-10-19,41.0,NaN,34269.0,0.0,2020
NaN,2007-09-26,26,24832.0,NaN,NaN,NaN,NaN,0.0,0.0,24832.0,NaN,0,NaN,752.0,0,9,119.0,27609.0,NaN,0.0,NaN,1420.0,NaN,2007-09-26,6.0,NaN,29529.0,NaN,2007
NaN,2006-03-25,25,31544.0,NaN,NaN,NaN,NaN,NaN,NaN,31544.0,NaN,0,NaN,1990.0,0,3,-70.0,34948.0,NaN,0.0,NaN,8.0,NaN,2006-03-25,15.0,NaN,35626.0,NaN,2006
NaN,2003-07-01,1,39500.0,NaN,NaN,NaN,NaN,NaN,NaN,39500.0,NaN,0,NaN,-1423.0,0,7,NaN,43356.0,NaN,0.0,NaN,0.0,NaN,2003-07-01,24.0,NaN,NaN,NaN,2003
0.0,2024-07-13,13,22588.0,-527.0,918.0,17896.0,0.0,6562.0,846.0,22588.0,0.0,0,966.0,1294.0,0,7,-451.0,24628.0,242.0,0.0,1397.0,11.0,838.0,2024-07-13,44.0,NaN,26117.0,638.0,2024
NaN,2005-11-24,24,35291.0,NaN,NaN,NaN,NaN,NaN,NaN,35291.0,NaN,0,NaN,2004.0,0,11,-70.0,38718.0,NaN,0.0,NaN,1776.0,NaN,2005-11-24,4.0,NaN,41164.0,NaN,2005
-712.0,2017-01-18,18,39708.0,51.0,NaN,11503.0,2480.0,4781.0,770.0,39708.0,NaN,0,0.0,-1022.0,0,1,97.0,43178.0,0.0,0.0,NaN,5.0,NaN,2017-01-18,25.0,NaN,45517.0,NaN,2017
-563.0,2022-08-15,15,19035.0,19.0,-328.0,14666.0,0.0,6545.0,576.0,19035.0,0.0,0,-415.0,-336.0,0,8,237.0,20840.0,0.0,0.0,-51.0,201.0,NaN,2022-08-15,12.0,NaN,23234.0,0.0,2022
NaN,2006-04-13,13,29847.0,NaN,NaN,NaN,NaN,NaN,NaN,29847.0,NaN,0,NaN,1955.0,0,4,-65.0,33098.0,NaN,0.0,NaN,1025.0,NaN,2006-04-13,3.0,NaN,34688.0,NaN,2006
NaN,2001-07-14,14,26707.0,NaN,NaN,NaN,NaN,NaN,NaN,26707.0,NaN,0,NaN,1671.0,0,7,NaN,29446.0,NaN,0.0,NaN,9.0,NaN,2001-07-14,16.0,NaN,NaN,NaN,2001
843.0,2025-03-13,13,33384.0,-531.0,985.0,19945.0,0.0,6606.0,453.0,33384.0,-514.0,0,834.0,1875.0,0,3,-451.0,36784.0,639.0,0.0,997.0,13.0,16.0,2025-03-13,42.0,NaN,38893.0,788.0,2025
127.0,2022-05-04,4,28272.0,0.0,0.0,14175.0,1508.0,6545.0,995.0,28272.0,0.0,0,-393.0,-37.0,0,5,263.0,31223.0,-410.0,0.0,-30.0,13.0,NaN,2022-05-04,17.0,NaN,32606.0,0.0,2022
NaN,2002-08-04,4,29515.0,NaN,NaN,NaN,NaN,NaN,NaN,29515.0,NaN,0,NaN,949.0,0,8,NaN,32645.0,NaN,0.0,NaN,0.0,NaN,2002-08-04,27.0,NaN,NaN,NaN,2002
-367.0,2022-10-30,30,27215.0,504.0,-284.0,14899.0,0.0,6545.0,2896.0,27215.0,0.0,0,-363.0,-520.0,0,10,400.0,29553.0,48.0,0.0,26.0,7.0,NaN,2022-10-30,36.0,NaN,31694.0,0.0,2022
0.0,2010-10-22,22,32762.0,0.0,NaN,58.0,0.0,2121.0,1376.0,32762.0,NaN,0,0.0,-1021.0,0,10,-248.0,36321.0,0.0,0.0,NaN,9.0,NaN,2010-10-22,44.0,NaN,38099.0,NaN,2010
NaN,2005-03-03,3,46130.0,NaN,NaN,NaN,NaN,NaN,NaN,46130.0,NaN,0,NaN,1429.0,0,3,0.0,51394.0,NaN,0.0,NaN,9.0,NaN,2005-03-03,43.0,NaN,0.0,NaN,2005
953.0,2024-04-03,3,27006.0,-531.0,996.0,17209.0,0.0,6562.0,2033.0,27006.0,0.0,0,992.0,1495.0,0,4,-434.0,29597.0,999.0,0.0,1268.0,6.0,2288.0,2024-04-03,44.0,NaN,31068.0,772.0,2024
NaN,2002-02-27,27,43382.0,NaN,NaN,NaN,NaN,NaN,NaN,43382.0,NaN,0,NaN,56.0,0,2,NaN,48311.0,NaN,0.0,NaN,0.0,NaN,2002-02-27,25.0,NaN,NaN,NaN,2002
1002.0,2022-08-03,3,23955.0,-28.0,0.0,14601.0,4813.0,6545.0,3423.0,23955.0,0.0,0,-1029.0,-1029.0,0,8,-203.0,25779.0,-70.0,0.0,-492.0,6.0,NaN,2022-08-03,22.0,NaN,29136.0,0.0,2022
992.0,2015-06-21,21,24998.0,-1.0,NaN,8684.0,1840.0,3889.0,1726.0,24998.0,NaN,0,0.0,1997.0,0,6,164.0,27679.0,0.0,0.0,NaN,9.0,NaN,2015-06-21,37.0,NaN,28189.0,NaN,2015
0.0,2015-11-26,26,38360.0,-224.0,NaN,9046.0,328.0,4013.0,1100.0,38360.0,NaN,0,0.0,-1536.0,0,11,-88.0,41819.0,0.0,0.0,NaN,11.0,NaN,2015-11-26,30.0,NaN,44278.0,NaN,2015
NaN,2005-06-21,21,34759.0,NaN,NaN,NaN,NaN,NaN,NaN,34759.0,NaN,0,NaN,1238.0,0,6,-88.0,37900.0,NaN,0.0,NaN,9.0,NaN,2005-06-21,40.0,NaN,38497.0,NaN,2005
0.0,2015-05-11,11,28443.0,-49.0,NaN,8561.0,5510.0,3855.0,2736.0,28443.0,NaN,0,0.0,1997.0,0,5,-179.0,31087.0,0.0,0.0,NaN,5.0,NaN,2015-05-11,28.0,NaN,31820.0,NaN,2015
807.0,2021-08-15,15,18417.0,4.0,0.0,13774.0,0.0,6527.0,689.0,18417.0,0.0,0,796.0,1607.0,0,8,298.0,20329.0,803.0,0.0,-1.0,9.0,NaN,2021-08-15,2.0,NaN,20839.0,0.0,2021
993.0,2012-12-17,17,47623.0,-50.0,NaN,2019.0,0.0,2085.0,516.0,47623.0,NaN,0,0.0,992.0,0,12,-251.0,52813.0,0.0,153.0,NaN,10.0,NaN,2012-12-17,36.0,NaN,53597.0,NaN,2012
146.0,2020-12-08,8,37984.0,504.0,0.0,13447.0,1815.0,6527.0,1473.0,37984.0,0.0,0,-2.0,1378.0,0,12,291.0,41720.0,266.0,0.0,0.0,9.0,NaN,2020-12-08,26.0,NaN,42331.0,0.0,2020
993.0,2011-08-08,8,33756.0,0.0,NaN,520.0,88.0,1828.0,1209.0,33756.0,NaN,0,0.0,998.0,0,8,-250.0,37243.0,0.0,0.0,NaN,5.0,NaN,2011-08-08,28.0,NaN,37998.0,NaN,2011
-285.0,2020-11-12,12,19915.0,213.0,0.0,13329.0,0.0,6527.0,2913.0,19915.0,0.0,0,0.0,107.0,0,11,220.0,21213.0,-30.0,0.0,0.0,652.0,NaN,2020-11-12,12.0,NaN,22780.0,0.0,2020
999.0,2014-01-12,12,41825.0,-529.0,NaN,3386.0,0.0,2434.0,1257.0,41825.0,NaN,0,0.0,1990.0,0,1,-222.0,46186.0,0.0,31.0,NaN,11.0,NaN,2014-01-12,34.0,NaN,47517.0,NaN,2014
NaN,2003-11-21,21,28599.0,NaN,NaN,NaN,NaN,NaN,NaN,28599.0,NaN,0,NaN,-56.0,0,11,NaN,32013.0,NaN,0.0,NaN,1234.0,NaN,2003-11-21,10.0,NaN,NaN,NaN,2003
117.0,2024-01-04,4,34074.0,-528.0,845.0,16798.0,1499.0,6488.0,778.0,34074.0,0.0,0,-4.0,1999.0,0,1,-450.0,37192.0,909.0,0.0,1398.0,4.0,798.0,2024-01-04,26.0,NaN,38778.0,311.0,2024
496.0,2012-05-13,13,20783.0,0.0,NaN,1506.0,0.0,2019.0,407.0,20783.0,NaN,0,0.0,996.0,0,5,-366.0,23269.0,0.0,0.0,NaN,1422.0,NaN,2012-05-13,10.0,NaN,25557.0,NaN,2012
1000.0,2014-01-17,17,40322.0,-529.0,NaN,3403.0,140.0,2524.0,695.0,40322.0,NaN,0,0.0,1991.0,0,1,-225.0,44386.0,0.0,0.0,NaN,15.0,NaN,2014-01-17,19.0,NaN,45755.0,NaN,2014
952.0,2019-03-15,15,27772.0,-6.0,0.0,12746.0,0.0,6192.0,2446.0,27772.0,0.0,0,0.0,1901.0,0,3,29.0,30125.0,889.0,0.0,0.0,6.0,NaN,2019-03-15,45.0,NaN,30737.0,0.0,2019
923.0,2023-01-29,29,20487.0,-82.0,-904.0,15116.0,0.0,6545.0,3707.0,20487.0,0.0,0,-894.0,-1874.0,0,1,-323.0,21543.0,133.0,0.0,1095.0,1001.0,5337.0,2023-01-29,48.0,NaN,27221.0,0.0,2023
438.0,2020-02-08,8,22033.0,55.0,0.0,13060.0,0.0,6465.0,4608.0,22033.0,0.0,0,0.0,936.0,0,2,-82.0,24286.0,279.0,0.0,0.0,57.0,NaN,2020-02-08,47.0,NaN,25025.0,0.0,2020
NaN,2007-04-02,2,40146.0,NaN,NaN,NaN,NaN,0.0,0.0,40146.0,NaN,0,NaN,0.0,0,4,-180.0,44383.0,NaN,0.0,NaN,5.0,NaN,2007-04-02,26.0,NaN,45068.0,NaN,2007
0.0,2010-09-26,26,31841.0,0.0,NaN,50.0,9.0,2092.0,622.0,31841.0,NaN,0,0.0,1969.0,0,9,-214.0,35112.0,0.0,0.0,NaN,6.0,NaN,2010-09-26,26.0,NaN,35832.0,NaN,2010
NaN,2004-02-23,23,33061.0,NaN,NaN,NaN,NaN,NaN,NaN,33061.0,NaN,0,NaN,98.0,0,2,NaN,36911.0,NaN,0.0,NaN,1346.0,NaN,2004-02-23,11.0,NaN,NaN,NaN,2004
461.0,2023-04-22,22,20897.0,-13.0,707.0,15572.0,271.0,6545.0,1169.0,20897.0,0.0,0,619.0,1583.0,0,4,-279.0,22251.0,481.0,0.0,1296.0,12.0,2599.0,2023-04-22,14.0,NaN,23055.0,0.0,2023
955.0,2015-07-20,20,31669.0,-146.0,NaN,8743.0,938.0,3897.0,1962.0,31669.0,NaN,0,0.0,1269.0,0,7,63.0,34411.0,0.0,0.0,NaN,13.0,NaN,2015-07-20,38.0,NaN,35070.0,NaN,2015
NaN,2006-02-19,19,29319.0,NaN,NaN,NaN,NaN,NaN,NaN,29319.0,NaN,0,NaN,1997.0,0,2,-70.0,33034.0,NaN,0.0,NaN,1590.0,NaN,2006-02-19,10.0,NaN,35294.0,NaN,2006
1003.0,2024-03-10,10,21374.0,-531.0,608.0,17112.0,251.0,6562.0,2796.0,21374.0,0.0,0,603.0,1426.0,0,3,-450.0,22947.0,400.0,0.0,73.0,566.0,4312.0,2024-03-10,16.0,NaN,25094.0,777.0,2024
197.0,2023-08-05,5,19109.0,0.0,995.0,16002.0,3597.0,6538.0,1934.0,19109.0,0.0,0,992.0,1824.0,0,8,-146.0,21403.0,719.0,0.0,1199.0,5.0,-1246.0,2023-08-05,29.0,NaN,22054.0,0.0,2023
811.0,2013-07-05,5,28096.0,-371.0,NaN,2831.0,0.0,2102.0,214.0,28096.0,NaN,0,0.0,1993.0,0,7,-235.0,30802.0,0.0,0.0,NaN,16.0,NaN,2013-07-05,46.0,NaN,31924.0,NaN,2013
NaN,2007-01-23,23,46443.0,NaN,NaN,NaN,NaN,0.0,0.0,46443.0,NaN,0,NaN,-1610.0,0,1,-334.0,51223.0,NaN,45.0,NaN,3.0,NaN,2007-01-23,20.0,NaN,53725.0,NaN,2007
766.0,2023-05-19,19,25005.0,-427.0,968.0,15695.0,14.0,6538.0,852.0,25005.0,0.0,0,944.0,1994.0,0,5,-452.0,27790.0,841.0,0.0,1296.0,5.0,57.0,2023-05-19,42.0,NaN,29174.0,0.0,2023
545.0,2022-08-28,28,22520.0,254.0,-443.0,14689.0,29.0,6545.0,738.0,22520.0,0.0,0,-594.0,-865.0,0,8,145.0,25050.0,194.0,0.0,395.0,7.0,NaN,2022-08-28,40.0,NaN,27459.0,0.0,2022
0.0,2010-01-30,30,38148.0,0.0,NaN,0.0,0.0,1786.0,601.0,38148.0,NaN,0,0.0,-1943.0,0,1,-392.0,42265.0,0.0,0.0,NaN,7.0,NaN,2010-01-30,27.0,NaN,45207.0,NaN,2010
NaN,2008-04-23,23,35641.0,NaN,NaN,NaN,NaN,1178.0,43.0,35641.0,NaN,0,NaN,2003.0,0,4,-75.0,39562.0,NaN,0.0,NaN,4.0,NaN,2008-04-23,45.0,NaN,40141.0,NaN,2008
NaN,2004-03-16,16,40737.0,NaN,NaN,NaN,NaN,NaN,NaN,40737.0,NaN,0,NaN,252.0,0,3,NaN,45370.0,NaN,0.0,NaN,13.0,NaN,2004-03-16,43.0,NaN,NaN,NaN,2004
8.0,2024-11-30,30,23173.0,0.0,0.0,18720.0,0.0,6622.0,2725.0,23173.0,0.0,0,59.0,786.0,0,11,98.0,24882.0,101.0,0.0,698.0,58.0,4417.0,2024-11-30,15.0,NaN,25540.0,1389.0,2024
NaN,2008-11-12,12,40426.0,NaN,NaN,NaN,NaN,1358.0,661.0,40426.0,NaN,0,NaN,340.0,0,11,31.0,44745.0,NaN,0.0,NaN,6.0,NaN,2008-11-12,18.0,NaN,45351.0,NaN,2008
497.0,2011-10-31,31,40461.0,0.0,NaN,903.0,0.0,1844.0,882.0,40461.0,NaN,0,0.0,1001.0,0,10,0.0,44502.0,0.0,0.0,NaN,11.0,NaN,2011-10-31,38.0,NaN,45113.0,NaN,2011
1001.0,2013-04-02,2,27600.0,0.0,NaN,2597.0,0.0,2205.0,544.0,27600.0,NaN,0,0.0,-760.0,0,4,-95.0,30747.0,0.0,0.0,NaN,891.0,NaN,2013-04-02,11.0,NaN,32993.0,NaN,2013
NaN,2003-01-07,7,46836.0,NaN,NaN,NaN,NaN,NaN,NaN,46836.0,NaN,0,NaN,1074.0,0,1,NaN,52232.0,NaN,0.0,NaN,0.0,NaN,2003-01-07,17.0,NaN,NaN,NaN,2003
NaN,2008-09-07,7,30690.0,NaN,NaN,NaN,NaN,1219.0,528.0,30690.0,NaN,0,NaN,1999.0,0,9,76.0,33945.0,NaN,0.0,NaN,12.0,NaN,2008-09-07,21.0,NaN,34457.0,NaN,2008
902.0,2018-06-16,16,23219.0,18.0,NaN,13052.0,4030.0,5859.0,2014.0,23219.0,NaN,0,0.0,1800.0,0,6,223.0,25551.0,0.0,0.0,NaN,4.0,NaN,2018-06-16,26.0,NaN,26055.0,NaN,2018
NaN,2006-01-14,14,40371.0,NaN,NaN,NaN,NaN,NaN,NaN,40371.0,NaN,0,NaN,1999.0,0,1,-201.0,44606.0,NaN,0.0,NaN,2.0,NaN,2006-01-14,25.0,NaN,45409.0,NaN,2006
1002.0,2022-02-23,23,30558.0,0.0,-103.0,14075.0,2763.0,6536.0,5094.0,30558.0,0.0,0,53.0,231.0,0,2,128.0,33064.0,999.0,0.0,1048.0,3.0,NaN,2022-02-23,25.0,NaN,33770.0,0.0,2022
NaN,2007-02-14,14,43007.0,NaN,NaN,NaN,NaN,0.0,0.0,43007.0,NaN,0,NaN,887.0,0,2,-319.0,47708.0,NaN,0.0,NaN,10.0,NaN,2007-02-14,42.0,NaN,48637.0,NaN,2007
NaN,2005-05-17,17,39953.0,NaN,NaN,NaN,NaN,NaN,NaN,39953.0,NaN,0,NaN,205.0,0,5,-304.0,44025.0,NaN,0.0,NaN,5.0,NaN,2005-05-17,20.0,NaN,44834.0,NaN,2005
NaN,2003-09-04,4,36466.0,NaN,NaN,NaN,NaN,NaN,NaN,36466.0,NaN,0,NaN,-1523.0,0,9,NaN,40141.0,NaN,0.0,NaN,4.0,NaN,2003-09-04,37.0,NaN,NaN,NaN,2003
103.0,2025-08-20,20,24323.0,-527.0,996.0,20993.0,3063.0,6606.0,1342.0,24323.0,-514.0,0,991.0,1512.0,0,8,-451.0,26873.0,637.0,0.0,970.0,10.0,-959.0,2025-08-20,36.0,NaN,29152.0,-277.0,2025
1010.0,2016-03-31,31,25037.0,286.0,NaN,9300.0,0.0,4210.0,224.0,25037.0,NaN,0,0.0,1995.0,0,3,199.0,27704.0,0.0,0.0,NaN,1309.0,NaN,2016-03-31,5.0,NaN,29513.0,NaN,2016
837.0,2013-02-24,24,27496.0,-126.0,NaN,2448.0,8.0,2085.0,334.0,27496.0,NaN,0,0.0,26.0,0,2,-80.0,30615.0,0.0,0.0,NaN,910.0,NaN,2013-02-24,14.0,NaN,32331.0,NaN,2013
NaN,2006-10-22,22,28743.0,NaN,NaN,NaN,NaN,NaN,NaN,28743.0,NaN,0,NaN,1935.0,0,10,-34.0,31942.0,NaN,0.0,NaN,408.0,NaN,2006-10-22,47.0,NaN,32884.0,NaN,2006
0.0,2010-08-18,18,33199.0,0.0,NaN,40.0,2.0,2092.0,953.0,33199.0,NaN,0,0.0,1993.0,0,8,-389.0,36572.0,0.0,0.0,NaN,8.0,NaN,2010-08-18,38.0,NaN,37469.0,NaN,2010
NaN,2007-07-23,23,28906.0,NaN,NaN,NaN,NaN,0.0,0.0,28906.0,NaN,0,NaN,1726.0,0,7,-141.0,31885.0,NaN,0.0,NaN,842.0,NaN,2007-07-23,47.0,NaN,33368.0,NaN,2007
-327.0,2020-06-04,4,22852.0,201.0,0.0,13119.0,3650.0,6527.0,1386.0,22852.0,0.0,0,0.0,1410.0,0,6,180.0,25431.0,654.0,0.0,0.0,11.0,NaN,2020-06-04,28.0,NaN,26269.0,0.0,2020
NaN,2008-01-14,14,42140.0,NaN,NaN,NaN,NaN,1163.0,279.0,42140.0,NaN,0,NaN,2005.0,0,1,-221.0,46840.0,NaN,0.0,NaN,11.0,NaN,2008-01-14,43.0,NaN,47672.0,NaN,2008
829.0,2017-08-12,12,21695.0,-81.0,NaN,12372.0,4920.0,5305.0,1529.0,21695.0,NaN,0,0.0,1703.0,0,8,-15.0,24315.0,0.0,0.0,NaN,7.0,NaN,2017-08-12,27.0,NaN,24918.0,NaN,2017
NaN,2003-06-23,23,39253.0,NaN,NaN,NaN,NaN,NaN,NaN,39253.0,NaN,0,NaN,-1739.0,0,6,NaN,43105.0,NaN,0.0,NaN,0.0,NaN,2003-06-23,24.0,NaN,NaN,NaN,2003
NaN,2008-11-21,21,40383.0,NaN,NaN,NaN,NaN,1358.0,990.0,40383.0,NaN,0,NaN,-750.0,0,11,-29.0,44755.0,NaN,0.0,NaN,7.0,NaN,2008-11-21,21.0,NaN,46141.0,NaN,2008
NaN,2007-09-12,12,38498.0,NaN,NaN,NaN,NaN,0.0,0.0,38498.0,NaN,0,NaN,1253.0,0,9,190.0,42267.0,NaN,0.0,NaN,8.0,NaN,2007-09-12,28.0,NaN,42775.0,NaN,2007
NaN,2008-07-05,5,30947.0,NaN,NaN,NaN,NaN,1215.0,838.0,30947.0,NaN,0,NaN,2004.0,0,7,16.0,34129.0,NaN,0.0,NaN,1.0,NaN,2008-07-05,29.0,NaN,34630.0,NaN,2008
500.0,2015-05-27,27,29416.0,-89.0,NaN,8621.0,3170.0,3883.0,1231.0,29416.0,NaN,0,0.0,1997.0,0,5,11.0,32731.0,0.0,0.0,NaN,8.0,NaN,2015-05-27,32.0,NaN,33328.0,NaN,2015
0.0,2009-07-30,30,34618.0,0.0,NaN,0.0,0.0,1725.0,1226.0,34618.0,NaN,0,0.0,1951.0,0,7,-412.0,37959.0,0.0,0.0,NaN,3.0,NaN,2009-07-30,35.0,NaN,38874.0,NaN,2009
856.0,2019-03-24,24,22479.0,-406.0,0.0,12765.0,4401.0,6192.0,2526.0,22479.0,0.0,0,0.0,1601.0,0,3,-390.0,24305.0,770.0,0.0,0.0,10.0,NaN,2019-03-24,18.0,NaN,25711.0,0.0,2019
1000.0,2018-06-22,22,23443.0,409.0,NaN,13052.0,0.0,5859.0,863.0,23443.0,NaN,0,0.0,1000.0,0,6,-243.0,25557.0,0.0,0.0,NaN,21.0,NaN,2018-06-22,47.0,NaN,26321.0,NaN,2018
107.0,2020-07-14,14,24684.0,504.0,0.0,13134.0,4267.0,6527.0,1428.0,24684.0,0.0,0,0.0,-304.0,0,7,10.0,27184.0,110.0,0.0,0.0,5.0,NaN,2020-07-14,27.0,NaN,27993.0,0.0,2020
NaN,2008-10-25,25,33129.0,NaN,NaN,NaN,NaN,1308.0,953.0,33129.0,NaN,0,NaN,1507.0,0,10,66.0,36933.0,NaN,0.0,NaN,2.0,NaN,2008-10-25,29.0,NaN,37435.0,NaN,2008
NaN,2006-09-13,13,40035.0,NaN,NaN,NaN,NaN,NaN,NaN,40035.0,NaN,0,NaN,-3.0,0,9,-207.0,43880.0,NaN,0.0,NaN,10.0,NaN,2006-09-13,23.0,NaN,44600.0,NaN,2006
515.0,2019-12-06,6,33674.0,8.0,0.0,13006.0,460.0,6465.0,3607.0,33674.0,0.0,0,0.0,840.0,0,12,50.0,36679.0,148.0,0.0,0.0,11.0,NaN,2019-12-06,30.0,NaN,37290.0,0.0,2019
1002.0,2023-03-17,17,28402.0,0.0,998.0,15310.0,3655.0,6545.0,1523.0,28402.0,0.0,0,992.0,1502.0,0,3,-17.0,31366.0,996.0,0.0,1382.0,7.0,181.0,2023-03-17,23.0,NaN,31990.0,0.0,2023
0.0,2021-03-17,17,30180.0,-89.0,0.0,13578.0,580.0,6527.0,1622.0,30180.0,0.0,0,507.0,657.0,0,3,-152.0,32499.0,347.0,0.0,0.0,5.0,NaN,2021-03-17,15.0,NaN,33345.0,0.0,2021
NaN,2002-08-27,27,37877.0,NaN,NaN,NaN,NaN,NaN,NaN,37877.0,NaN,0,NaN,-125.0,0,8,NaN,41719.0,NaN,0.0,NaN,0.0,NaN,2002-08-27,24.0,NaN,NaN,NaN,2002
NaN,2006-02-24,24,47747.0,NaN,NaN,NaN,NaN,NaN,NaN,47747.0,NaN,0,NaN,71.0,0,2,-129.0,52382.0,NaN,0.0,NaN,8.0,NaN,2006-02-24,24.0,NaN,53119.0,NaN,2006
0.0,2018-09-19,19,27273.0,-303.0,NaN,13052.0,2660.0,5911.0,4780.0,27273.0,NaN,0,0.0,1997.0,0,9,-102.0,29402.0,0.0,0.0,NaN,13.0,NaN,2018-09-19,32.0,NaN,30320.0,NaN,2018
NaN,2005-06-01,1,29927.0,NaN,NaN,NaN,NaN,NaN,NaN,29927.0,NaN,0,NaN,1988.0,0,6,-184.0,33330.0,NaN,0.0,NaN,504.0,NaN,2005-06-01,47.0,NaN,34518.0,NaN,2005
498.0,2014-09-24,24,21844.0,-19.0,NaN,5352.0,0.0,3870.0,904.0,21844.0,NaN,0,0.0,1947.0,0,9,-129.0,23975.0,0.0,0.0,NaN,1435.0,NaN,2014-09-24,12.0,NaN,26058.0,NaN,2014
975.0,2014-08-22,22,20028.0,107.0,NaN,5172.0,0.0,3344.0,511.0,20028.0,NaN,0,0.0,1950.0,0,8,0.0,22163.0,0.0,0.0,NaN,1473.0,NaN,2014-08-22,8.0,NaN,24136.0,NaN,2014
NaN,2002-04-10,10,29181.0,NaN,NaN,NaN,NaN,NaN,NaN,29181.0,NaN,0,NaN,895.0,0,4,NaN,32573.0,NaN,0.0,NaN,980.0,NaN,2002-04-10,10.0,NaN,NaN,NaN,2002
NaN,2003-09-23,23,38961.0,NaN,NaN,NaN,NaN,NaN,NaN,38961.0,NaN,0,NaN,-1774.0,0,9,NaN,43070.0,NaN,0.0,NaN,0.0,NaN,2003-09-23,35.0,NaN,NaN,NaN,2003
974.0,2015-07-20,20,30509.0,-8.0,NaN,8743.0,491.0,3897.0,1810.0,30509.0,NaN,0,0.0,1795.0,0,7,171.0,33082.0,0.0,0.0,NaN,14.0,NaN,2015-07-20,40.0,NaN,33604.0,NaN,2015
-1.0,2013-09-26,26,35291.0,0.0,NaN,2999.0,933.0,2337.0,406.0,35291.0,NaN,0,0.0,1237.0,0,9,-251.0,38862.0,0.0,0.0,NaN,8.0,NaN,2013-09-26,21.0,NaN,39622.0,NaN,2013
NaN,2007-07-20,20,37832.0,NaN,NaN,NaN,NaN,0.0,0.0,37832.0,NaN,0,NaN,167.0,0,7,-401.0,41354.0,NaN,53.0,NaN,2.0,NaN,2007-07-20,34.0,NaN,42204.0,NaN,2007
0.0,2010-05-26,26,22601.0,0.0,NaN,25.0,0.0,2236.0,1039.0,22601.0,NaN,0,0.0,934.0,0,5,-270.0,25107.0,0.0,0.0,NaN,1115.0,NaN,2010-05-26,2.0,NaN,26992.0,NaN,2010
1058.0,2018-10-06,6,28704.0,0.0,NaN,13052.0,1280.0,5911.0,1475.0,28704.0,NaN,0,0.0,1798.0,0,10,-394.0,31808.0,0.0,87.0,NaN,10.0,NaN,2018-10-06,23.0,NaN,32629.0,NaN,2018
NaN,2006-02-11,11,41432.0,NaN,NaN,NaN,NaN,NaN,NaN,41432.0,NaN,0,NaN,277.0,0,2,-70.0,45545.0,NaN,0.0,NaN,15.0,NaN,2006-02-11,21.0,NaN,46230.0,NaN,2006
998.0,2015-09-17,17,20311.0,284.0,NaN,8880.0,0.0,3984.0,562.0,20311.0,NaN,0,0.0,1997.0,0,9,198.0,22542.0,0.0,0.0,NaN,1411.0,NaN,2015-09-17,10.0,NaN,24453.0,NaN,2015
NaN,2006-11-05,5,28909.0,NaN,NaN,NaN,NaN,NaN,NaN,28909.0,NaN,0,NaN,1989.0,0,11,16.0,31580.0,NaN,0.0,NaN,1136.0,NaN,2006-11-05,5.0,NaN,33316.0,NaN,2006
682.0,2018-10-23,23,19860.0,345.0,NaN,13052.0,0.0,5911.0,3375.0,19860.0,NaN,0,0.0,392.0,0,10,147.0,20800.0,0.0,0.0,NaN,944.0,NaN,2018-10-23,4.0,NaN,22244.0,NaN,2018
0.0,2022-04-29,29,24509.0,0.0,0.0,14169.0,7152.0,6545.0,649.0,24509.0,0.0,0,-335.0,-521.0,0,4,-456.0,27344.0,143.0,0.0,-205.0,5.0,NaN,2022-04-29,28.0,NaN,29366.0,0.0,2022
692.0,2021-11-17,17,31582.0,0.0,0.0,13960.0,3101.0,6527.0,2141.0,31582.0,0.0,0,-1.0,-286.0,0,11,-378.0,34224.0,-278.0,0.0,693.0,8.0,NaN,2021-11-17,21.0,NaN,35790.0,0.0,2021
105.0,2023-05-03,3,19444.0,0.0,243.0,15599.0,0.0,6545.0,1036.0,19444.0,0.0,0,258.0,797.0,0,5,-216.0,21551.0,-55.0,0.0,41.0,72.0,-492.0,2023-05-03,1.0,NaN,22394.0,0.0,2023
496.0,2012-02-20,20,43627.0,0.0,NaN,1367.0,43.0,1950.0,1288.0,43627.0,NaN,0,0.0,-1203.0,0,2,-296.0,47896.0,0.0,0.0,NaN,12.0,NaN,2012-02-20,34.0,NaN,50007.0,NaN,2012
NaN,2007-02-27,27,31247.0,NaN,NaN,NaN,NaN,0.0,0.0,31247.0,NaN,0,NaN,1890.0,0,2,-275.0,34692.0,NaN,0.0,NaN,1221.0,NaN,2007-02-27,5.0,NaN,36788.0,NaN,2007
839.0,2023-04-17,17,29156.0,-293.0,415.0,15549.0,1508.0,6545.0,946.0,29156.0,0.0,0,331.0,1005.0,0,4,-447.0,32079.0,602.0,0.0,1095.0,5.0,1335.0,2023-04-17,37.0,NaN,33324.0,0.0,2023
NaN,2001-03-13,13,33641.0,NaN,NaN,NaN,NaN,NaN,NaN,33641.0,NaN,0,NaN,1873.0,0,3,NaN,37760.0,NaN,0.0,NaN,1017.0,NaN,2001-03-13,1.0,NaN,NaN,NaN,2001
998.0,2020-02-04,4,36919.0,-510.0,0.0,13058.0,185.0,6465.0,2284.0,36919.0,0.0,0,0.0,2003.0,0,2,-456.0,40937.0,1019.0,0.0,0.0,13.0,NaN,2020-02-04,33.0,NaN,42516.0,0.0,2020
NaN,2003-11-10,10,40990.0,NaN,NaN,NaN,NaN,NaN,NaN,40990.0,NaN,0,NaN,37.0,0,11,NaN,45292.0,NaN,0.0,NaN,0.0,NaN,2003-11-10,17.0,NaN,NaN,NaN,2003
983.0,2018-01-14,14,22654.0,448.0,NaN,12916.0,0.0,5779.0,1768.0,22654.0,NaN,0,0.0,1994.0,0,1,-206.0,24543.0,0.0,0.0,NaN,1677.0,NaN,2018-01-14,11.0,NaN,27025.0,NaN,2018
974.0,2021-12-30,30,27298.0,0.0,0.0,14008.0,1001.0,6527.0,3455.0,27298.0,0.0,0,-4.0,1005.0,0,12,-156.0,29502.0,999.0,0.0,630.0,6.0,NaN,2021-12-30,22.0,NaN,30268.0,0.0,2021
374.0,2013-01-28,28,43471.0,-250.0,NaN,2101.0,123.0,2085.0,1614.0,43471.0,NaN,0,0.0,858.0,0,1,-251.0,47725.0,0.0,0.0,NaN,9.0,NaN,2013-01-28,26.0,NaN,48835.0,NaN,2013
1000.0,2013-05-26,26,27458.0,-483.0,NaN,2759.0,2470.0,2087.0,292.0,27458.0,NaN,0,0.0,1489.0,0,5,-250.0,30468.0,0.0,0.0,NaN,6.0,NaN,2013-05-26,26.0,NaN,31707.0,NaN,2013
0.0,2021-06-01,1,17323.0,-5.0,0.0,13698.0,0.0,6527.0,1142.0,17323.0,0.0,0,584.0,1272.0,0,6,-272.0,19004.0,686.0,0.0,0.0,982.0,NaN,2021-06-01,9.0,NaN,20762.0,0.0,2021
-104.0,2016-06-15,15,29632.0,-438.0,NaN,10500.0,3860.0,4260.0,778.0,29632.0,NaN,0,0.0,1496.0,0,6,0.0,32711.0,0.0,0.0,NaN,7.0,NaN,2016-06-15,28.0,NaN,33760.0,NaN,2016
NaN,2002-04-13,13,29980.0,NaN,NaN,NaN,NaN,NaN,NaN,29980.0,NaN,0,NaN,1724.0,0,4,NaN,33312.0,NaN,0.0,NaN,497.0,NaN,2002-04-13,5.0,NaN,NaN,NaN,2002
NaN,2002-05-07,7,25645.0,NaN,NaN,NaN,NaN,NaN,NaN,25645.0,NaN,0,NaN,1400.0,0,5,NaN,28696.0,NaN,0.0,NaN,620.0,NaN,2002-05-07,8.0,NaN,NaN,NaN,2002
NaN,2006-12-22,22,45538.0,NaN,NaN,NaN,NaN,NaN,NaN,45538.0,NaN,0,NaN,-783.0,0,12,-70.0,50112.0,NaN,0.0,NaN,9.0,NaN,2006-12-22,33.0,NaN,51574.0,NaN,2006
974.0,2014-03-21,21,26287.0,-103.0,NaN,4518.0,0.0,2524.0,1211.0,26287.0,NaN,0,0.0,968.0,0,3,5.0,28647.0,0.0,0.0,NaN,839.0,NaN,2014-03-21,2.0,NaN,30189.0,NaN,2014
NaN,2002-02-06,6,30791.0,NaN,NaN,NaN,NaN,NaN,NaN,30791.0,NaN,0,NaN,1450.0,0,2,NaN,34576.0,NaN,0.0,NaN,1381.0,NaN,2002-02-06,11.0,NaN,NaN,NaN,2002
693.0,2021-08-14,14,21388.0,0.0,0.0,13771.0,2437.0,6527.0,1924.0,21388.0,0.0,0,683.0,1368.0,0,8,-166.0,23141.0,687.0,0.0,-1.0,9.0,NaN,2021-08-14,18.0,NaN,23817.0,0.0,2021
344.0,2019-07-26,26,22122.0,504.0,0.0,12855.0,231.0,6137.0,977.0,22122.0,0.0,0,0.0,-1109.0,0,7,194.0,24296.0,0.0,0.0,0.0,14.0,NaN,2019-07-26,13.0,NaN,25919.0,0.0,2019
994.0,2012-12-21,21,44384.0,-251.0,NaN,2024.0,0.0,2085.0,223.0,44384.0,NaN,0,0.0,992.0,0,12,-251.0,48991.0,0.0,0.0,NaN,15.0,NaN,2012-12-21,35.0,NaN,50108.0,NaN,2012
-105.0,2012-01-17,17,45040.0,0.0,NaN,1209.0,109.0,1866.0,325.0,45040.0,NaN,0,0.0,246.0,0,1,0.0,49504.0,0.0,40.0,NaN,4.0,NaN,2012-01-17,25.0,NaN,50173.0,NaN,2012
0.0,2011-03-03,3,40904.0,0.0,NaN,114.0,0.0,1737.0,443.0,40904.0,NaN,0,0.0,377.0,0,3,-451.0,45106.0,0.0,0.0,NaN,17.0,NaN,2011-03-03,43.0,NaN,46174.0,NaN,2011
NaN,2006-01-27,27,34798.0,NaN,NaN,NaN,NaN,NaN,NaN,34798.0,NaN,0,NaN,-1350.0,0,1,-70.0,38566.0,NaN,0.0,NaN,1008.0,NaN,2006-01-27,12.0,NaN,41594.0,NaN,2006
1000.0,2018-04-09,9,33907.0,-392.0,NaN,13052.0,3040.0,5978.0,493.0,33907.0,NaN,0,0.0,1495.0,0,4,-410.0,37552.0,0.0,0.0,NaN,15.0,NaN,2018-04-09,23.0,NaN,38869.0,NaN,2018
755.0,2024-01-12,12,38687.0,-531.0,147.0,16819.0,0.0,6488.0,898.0,38687.0,0.0,0,-4.0,1444.0,0,1,-451.0,42282.0,507.0,0.0,375.0,5.0,3132.0,2024-01-12,36.0,NaN,43873.0,100.0,2024
1000.0,2013-04-06,6,28007.0,50.0,NaN,2606.0,0.0,2205.0,184.0,28007.0,NaN,0,0.0,1138.0,0,4,-110.0,31203.0,0.0,0.0,NaN,1579.0,NaN,2013-04-06,9.0,NaN,33392.0,NaN,2013
NaN,2008-01-29,29,49620.0,NaN,NaN,NaN,NaN,1163.0,334.0,49620.0,NaN,0,NaN,1850.0,0,1,-192.0,54626.0,NaN,0.0,NaN,16.0,NaN,2008-01-29,37.0,NaN,55434.0,NaN,2008
1014.0,2014-07-07,7,31244.0,-451.0,NaN,4970.0,173.0,3575.0,138.0,31244.0,NaN,0,0.0,1996.0,0,7,0.0,34127.0,0.0,0.0,NaN,14.0,NaN,2014-07-07,41.0,NaN,35092.0,NaN,2014
NaN,2005-07-31,31,29496.0,NaN,NaN,NaN,NaN,NaN,NaN,29496.0,NaN,0,NaN,2001.0,0,7,-70.0,32564.0,NaN,0.0,NaN,9.0,NaN,2005-07-31,31.0,NaN,33143.0,NaN,2005
NaN,2001-02-22,22,42185.0,NaN,NaN,NaN,NaN,NaN,NaN,42185.0,NaN,0,NaN,497.0,0,2,NaN,46880.0,NaN,0.0,NaN,11.0,NaN,2001-02-22,32.0,NaN,NaN,NaN,2001
NaN,2005-08-29,29,31123.0,NaN,NaN,NaN,NaN,NaN,NaN,31123.0,NaN,0,NaN,-98.0,0,8,-67.0,34685.0,NaN,0.0,NaN,7.0,NaN,2005-08-29,22.0,NaN,35357.0,NaN,2005
967.0,2015-07-24,24,19705.0,90.0,NaN,8751.0,0.0,3897.0,281.0,19705.0,NaN,0,0.0,1940.0,0,7,198.0,21618.0,0.0,0.0,NaN,1437.0,NaN,2015-07-24,8.0,NaN,23555.0,NaN,2015
1000.0,2013-12-04,4,37047.0,0.0,NaN,3236.0,0.0,2434.0,972.0,37047.0,NaN,0,0.0,-538.0,0,12,-251.0,40322.0,0.0,0.0,NaN,14.0,NaN,2013-12-04,44.0,NaN,41725.0,NaN,2013
NaN,2006-03-23,23,44505.0,NaN,NaN,NaN,NaN,NaN,NaN,44505.0,NaN,0,NaN,1280.0,0,3,-70.0,49118.0,NaN,0.0,NaN,4.0,NaN,2006-03-23,24.0,NaN,49792.0,NaN,2006
0.0,2010-12-13,13,40938.0,0.0,NaN,73.0,0.0,2141.0,49.0,40938.0,NaN,0,0.0,-1691.0,0,12,-400.0,45489.0,0.0,0.0,NaN,11.0,NaN,2010-12-13,15.0,NaN,48191.0,NaN,2010
NaN,2007-03-05,5,36966.0,NaN,NaN,NaN,NaN,0.0,0.0,36966.0,NaN,0,NaN,2003.0,0,3,-336.0,40984.0,NaN,0.0,NaN,12.0,NaN,2007-03-05,45.0,NaN,41932.0,NaN,2007
999.0,2020-02-20,20,37190.0,330.0,0.0,13065.0,0.0,6465.0,4275.0,37190.0,0.0,0,0.0,2003.0,0,2,64.0,40362.0,1019.0,0.0,0.0,9.0,NaN,2020-02-20,36.0,NaN,40971.0,0.0,2020
993.0,2012-09-25,25,22314.0,0.0,NaN,1897.0,0.0,2085.0,1364.0,22314.0,NaN,0,0.0,1992.0,0,9,-76.0,24343.0,0.0,0.0,NaN,1179.0,NaN,2012-09-25,5.0,NaN,26098.0,NaN,2012
813.0,2021-07-10,10,18880.0,0.0,0.0,13730.0,0.0,6527.0,296.0,18880.0,0.0,0,846.0,1706.0,0,7,-242.0,20775.0,853.0,0.0,-1.0,700.0,NaN,2021-07-10,4.0,NaN,22218.0,0.0,2021
-513.0,2025-05-17,17,22261.0,0.0,0.0,20558.0,0.0,6606.0,1198.0,22261.0,-493.0,0,992.0,2009.0,0,5,-446.0,24324.0,5.0,0.0,1397.0,5.0,2210.0,2025-05-17,45.0,NaN,26281.0,0.0,2025
1059.0,2019-01-29,29,38534.0,10.0,0.0,12683.0,0.0,5918.0,1295.0,38534.0,0.0,0,0.0,1997.0,0,1,37.0,42516.0,0.0,0.0,0.0,19.0,NaN,2019-01-29,42.0,NaN,43135.0,0.0,2019
644.0,2020-06-13,13,18121.0,504.0,0.0,13122.0,0.0,6527.0,1125.0,18121.0,0.0,0,0.0,627.0,0,6,230.0,19885.0,688.0,0.0,0.0,82.0,NaN,2020-06-13,2.0,NaN,20467.0,0.0,2020
NaN,2007-05-13,13,34241.0,NaN,NaN,NaN,NaN,0.0,0.0,34241.0,NaN,0,NaN,1991.0,0,5,-152.0,37804.0,NaN,0.0,NaN,6.0,NaN,2007-05-13,36.0,NaN,38462.0,NaN,2007
338.0,2022-06-01,1,25124.0,-531.0,-178.0,14296.0,3654.0,6545.0,578.0,25124.0,0.0,0,-468.0,-559.0,0,6,-254.0,27833.0,120.0,0.0,693.0,11.0,NaN,2022-06-01,36.0,NaN,30334.0,0.0,2022
958.0,2022-02-26,26,32659.0,319.0,0.0,14079.0,0.0,6550.0,3742.0,32659.0,0.0,0,230.0,304.0,0,2,260.0,34683.0,901.0,0.0,1048.0,3.0,NaN,2022-02-26,37.0,NaN,35286.0,0.0,2022
NaN,2002-11-08,8,47744.0,NaN,NaN,NaN,NaN,NaN,NaN,47744.0,NaN,0,NaN,1355.0,0,11,NaN,52818.0,NaN,0.0,NaN,0.0,NaN,2002-11-08,35.0,NaN,NaN,NaN,2002
999.0,2016-07-22,22,19919.0,380.0,NaN,10500.0,243.0,4253.0,606.0,19919.0,NaN,0,0.0,418.0,0,7,0.0,21773.0,0.0,0.0,NaN,1601.0,NaN,2016-07-22,11.0,NaN,23874.0,NaN,2016
3.0,2020-01-30,30,22371.0,-3.0,0.0,13056.0,0.0,6465.0,2596.0,22371.0,0.0,0,0.0,1077.0,0,1,-250.0,23879.0,648.0,0.0,0.0,563.0,NaN,2020-01-30,7.0,NaN,25295.0,0.0,2020
NaN,2008-06-19,19,37007.0,NaN,NaN,NaN,NaN,1213.0,852.0,37007.0,NaN,0,NaN,1994.0,0,6,-75.0,40556.0,NaN,0.0,NaN,4.0,NaN,2008-06-19,20.0,NaN,41135.0,NaN,2008
NaN,2007-08-10,10,33891.0,NaN,NaN,NaN,NaN,0.0,0.0,33891.0,NaN,0,NaN,2002.0,0,8,202.0,37239.0,NaN,0.0,NaN,4.0,NaN,2007-08-10,38.0,NaN,37743.0,NaN,2007
-391.0,2022-01-24,24,30202.0,481.0,0.0,14040.0,0.0,6527.0,1021.0,30202.0,0.0,0,-910.0,-512.0,0,1,402.0,32762.0,-642.0,0.0,693.0,7.0,NaN,2022-01-24,14.0,NaN,35824.0,0.0,2022
836.0,2017-07-03,3,23901.0,331.0,NaN,12372.0,0.0,5143.0,269.0,23901.0,NaN,0,0.0,1606.0,0,7,108.0,26453.0,0.0,0.0,NaN,57.0,NaN,2017-07-03,47.0,NaN,27010.0,NaN,2017
NaN,2004-09-03,3,37444.0,NaN,NaN,NaN,NaN,NaN,NaN,37444.0,NaN,0,NaN,1499.0,0,9,NaN,41358.0,NaN,0.0,NaN,7.0,NaN,2004-09-03,35.0,NaN,NaN,NaN,2004
524.0,2011-06-04,4,21369.0,0.0,NaN,215.0,0.0,1822.0,320.0,21369.0,NaN,0,0.0,998.0,0,6,-342.0,23656.0,0.0,0.0,NaN,1477.0,NaN,2011-06-04,5.0,NaN,25975.0,NaN,2011
NaN,2003-07-31,31,26856.0,NaN,NaN,NaN,NaN,NaN,NaN,26856.0,NaN,0,NaN,-309.0,0,7,NaN,29607.0,NaN,0.0,NaN,437.0,NaN,2003-07-31,14.0,NaN,NaN,NaN,2003
0.0,2009-11-22,22,37642.0,0.0,NaN,0.0,0.0,1740.0,1508.0,37642.0,NaN,0,0.0,760.0,0,11,-297.0,41699.0,0.0,0.0,NaN,5.0,NaN,2009-11-22,39.0,NaN,42601.0,NaN,2009
0.0,2010-06-30,30,26106.0,0.0,NaN,31.0,0.0,2056.0,474.0,26106.0,NaN,0,0.0,1093.0,0,6,0.0,28332.0,0.0,0.0,NaN,44.0,NaN,2010-06-30,48.0,NaN,28876.0,NaN,2010
NaN,2002-03-20,20,32859.0,NaN,NaN,NaN,NaN,NaN,NaN,32859.0,NaN,0,NaN,1964.0,0,3,NaN,36867.0,NaN,0.0,NaN,841.0,NaN,2002-03-20,5.0,NaN,NaN,NaN,2002
NaN,2007-02-06,6,46345.0,NaN,NaN,NaN,NaN,0.0,0.0,46345.0,NaN,0,NaN,-1559.0,0,2,-335.0,51129.0,NaN,0.0,NaN,9.0,NaN,2007-02-06,20.0,NaN,53632.0,NaN,2007
NaN,2008-10-04,4,24725.0,NaN,NaN,NaN,NaN,1308.0,673.0,24725.0,NaN,0,NaN,1603.0,0,10,-49.0,27493.0,NaN,0.0,NaN,1852.0,NaN,2008-10-04,8.0,NaN,29894.0,NaN,2008
NaN,2007-09-18,18,27136.0,NaN,NaN,NaN,NaN,0.0,0.0,27136.0,NaN,0,NaN,1986.0,0,9,183.0,29943.0,NaN,0.0,NaN,1721.0,NaN,2007-09-18,48.0,NaN,32164.0,NaN,2007
1000.0,2015-10-18,18,25987.0,-18.0,NaN,8940.0,0.0,4013.0,370.0,25987.0,NaN,0,0.0,1499.0,0,10,68.0,28947.0,0.0,0.0,NaN,12.0,NaN,2015-10-18,46.0,NaN,29477.0,NaN,2015
-906.0,2025-07-27,27,15245.0,0.0,996.0,20992.0,36.0,6606.0,1373.0,15245.0,-324.0,0,992.0,2008.0,0,7,0.0,16006.0,44.0,0.0,1064.0,555.0,2155.0,2025-07-27,12.0,NaN,18926.0,-635.0,2025
893.0,2014-01-24,24,41104.0,-344.0,NaN,3427.0,100.0,2524.0,757.0,41104.0,NaN,0,0.0,1369.0,0,1,-160.0,44995.0,0.0,0.0,NaN,14.0,NaN,2014-01-24,18.0,NaN,46113.0,NaN,2014
NaN,2004-12-19,19,39641.0,NaN,NaN,NaN,NaN,NaN,NaN,39641.0,NaN,0,NaN,2002.0,0,12,NaN,44237.0,NaN,0.0,NaN,4.0,NaN,2004-12-19,25.0,NaN,NaN,NaN,2004
-1.0,2014-12-19,19,37167.0,-340.0,NaN,5957.0,115.0,4039.0,2299.0,37167.0,NaN,0,0.0,1998.0,0,12,-144.0,40507.0,0.0,0.0,NaN,14.0,NaN,2014-12-19,18.0,NaN,41606.0,NaN,2014
719.0,2017-08-28,28,22101.0,234.0,NaN,12372.0,0.0,5305.0,793.0,22101.0,NaN,0,0.0,1404.0,0,8,218.0,24173.0,0.0,0.0,NaN,10.0,NaN,2017-08-28,47.0,NaN,24683.0,NaN,2017
0.0,2009-10-29,29,37507.0,0.0,NaN,0.0,0.0,1737.0,226.0,37507.0,NaN,0,0.0,-1537.0,0,10,-384.0,41270.0,0.0,0.0,NaN,10.0,NaN,2009-10-29,21.0,NaN,43801.0,NaN,2009
102.0,2011-04-29,29,29899.0,0.0,NaN,153.0,53.0,1761.0,753.0,29899.0,NaN,0,0.0,348.0,0,4,-411.0,33223.0,0.0,0.0,NaN,16.0,NaN,2011-04-29,29.0,NaN,34150.0,NaN,2011
769.0,2021-12-02,2,37491.0,0.0,0.0,13974.0,26.0,6527.0,1153.0,37491.0,0.0,0,548.0,278.0,0,12,-57.0,41527.0,900.0,0.0,693.0,10.0,NaN,2021-12-02,32.0,NaN,42194.0,0.0,2021
0.0,2021-03-10,10,20540.0,-211.0,0.0,13561.0,0.0,6527.0,4451.0,20540.0,0.0,0,287.0,-300.0,0,3,-310.0,21577.0,385.0,0.0,0.0,601.0,NaN,2021-03-10,5.0,NaN,23599.0,0.0,2021
0.0,2009-02-09,9,35729.0,0.0,NaN,0.0,0.0,1405.0,676.0,35729.0,NaN,0,0.0,997.0,0,2,-346.0,40148.0,0.0,0.0,NaN,354.0,NaN,2009-02-09,46.0,NaN,41448.0,NaN,2009
NaN,2006-11-22,22,41952.0,NaN,NaN,NaN,NaN,NaN,NaN,41952.0,NaN,0,NaN,1248.0,0,11,-269.0,46543.0,NaN,0.0,NaN,5.0,NaN,2006-11-22,43.0,NaN,47417.0,NaN,2006
528.0,2018-12-04,4,37857.0,-536.0,NaN,13052.0,175.0,5911.0,472.0,37857.0,NaN,0,0.0,1999.0,0,12,-454.0,41936.0,0.0,110.0,NaN,20.0,NaN,2018-12-04,17.0,NaN,43436.0,NaN,2018
1000.0,2025-03-05,5,22572.0,0.0,736.0,19838.0,8857.0,6606.0,3682.0,22572.0,-469.0,0,391.0,945.0,0,3,-278.0,24617.0,-5.0,0.0,698.0,1104.0,4933.0,2025-03-05,29.0,NaN,27073.0,1427.0,2025
NaN,2007-02-17,17,37951.0,NaN,NaN,NaN,NaN,0.0,0.0,37951.0,NaN,0,NaN,910.0,0,2,-275.0,41801.0,NaN,0.0,NaN,6.0,NaN,2007-02-17,20.0,NaN,42714.0,NaN,2007
1001.0,2020-11-17,17,30940.0,343.0,0.0,13332.0,1032.0,6527.0,3934.0,30940.0,0.0,0,0.0,2005.0,0,11,85.0,33318.0,999.0,0.0,0.0,9.0,NaN,2020-11-17,26.0,NaN,33927.0,0.0,2020
588.0,2024-10-29,29,28260.0,-530.0,-1.0,18510.0,3524.0,6622.0,1112.0,28260.0,0.0,0,-1.0,2001.0,0,10,-452.0,30786.0,866.0,0.0,1397.0,8.0,1274.0,2024-10-29,22.0,NaN,32511.0,-133.0,2024
NaN,2008-11-25,25,42306.0,NaN,NaN,NaN,NaN,1358.0,787.0,42306.0,NaN,0,NaN,-1535.0,0,11,50.0,46865.0,NaN,0.0,NaN,8.0,NaN,2008-11-25,17.0,NaN,49008.0,NaN,2008
0.0,2010-11-04,4,37725.0,0.0,NaN,62.0,5.0,2139.0,1889.0,37725.0,NaN,0,0.0,-208.0,0,11,-251.0,41740.0,0.0,0.0,NaN,10.0,NaN,2010-11-04,26.0,NaN,42809.0,NaN,2010
NaN,2002-11-30,30,31369.0,NaN,NaN,NaN,NaN,NaN,NaN,31369.0,NaN,0,NaN,1991.0,0,11,NaN,34927.0,NaN,0.0,NaN,65.0,NaN,2002-11-30,15.0,NaN,NaN,NaN,2002
802.0,2015-02-10,10,42036.0,-527.0,NaN,6887.0,489.0,4077.0,353.0,42036.0,NaN,0,0.0,1213.0,0,2,-246.0,46099.0,0.0,0.0,NaN,2.0,NaN,2015-02-10,31.0,NaN,47474.0,NaN,2015
630.0,2024-02-03,3,31000.0,-531.0,998.0,16959.0,0.0,6562.0,3167.0,31000.0,0.0,0,-4.0,1745.0,0,2,-450.0,33015.0,1010.0,0.0,1397.0,1.0,5191.0,2024-02-03,35.0,NaN,34601.0,1408.0,2024
0.0,2021-02-08,8,21950.0,405.0,0.0,13542.0,0.0,6527.0,3429.0,21950.0,0.0,0,-43.0,1332.0,0,2,401.0,24230.0,706.0,0.0,0.0,1085.0,NaN,2021-02-08,8.0,NaN,25958.0,0.0,2021
-590.0,2025-06-22,22,19006.0,-215.0,0.0,20764.0,0.0,6606.0,2008.0,19006.0,-514.0,0,992.0,1001.0,0,6,-300.0,20716.0,-171.0,0.0,1395.0,5.0,1397.0,2025-06-22,3.0,NaN,23334.0,-323.0,2025
-755.0,2011-09-29,29,36391.0,0.0,NaN,708.0,111.0,1836.0,330.0,36391.0,NaN,0,0.0,-513.0,0,9,0.0,39904.0,0.0,39.0,NaN,8.0,NaN,2011-09-29,32.0,NaN,41641.0,NaN,2011
879.0,2015-07-01,1,21325.0,-250.0,NaN,8707.0,0.0,3897.0,1148.0,21325.0,NaN,0,0.0,1716.0,0,7,-16.0,23469.0,0.0,0.0,NaN,1151.0,NaN,2015-07-01,3.0,NaN,25386.0,NaN,2015
0.0,2010-05-02,2,19770.0,0.0,NaN,21.0,0.0,2236.0,913.0,19770.0,NaN,0,0.0,1992.0,0,5,-146.0,22313.0,0.0,0.0,NaN,1146.0,NaN,2010-05-02,11.0,NaN,24105.0,NaN,2010
0.0,2010-05-09,9,22458.0,0.0,NaN,22.0,0.0,2236.0,429.0,22458.0,NaN,0,0.0,1509.0,0,5,-149.0,25033.0,0.0,0.0,NaN,1523.0,NaN,2010-05-09,8.0,NaN,27205.0,NaN,2010
0.0,2015-05-13,13,29581.0,-458.0,NaN,8569.0,5530.0,3848.0,362.0,29581.0,NaN,0,0.0,1997.0,0,5,-223.0,32921.0,0.0,0.0,NaN,4.0,NaN,2015-05-13,29.0,NaN,34106.0,NaN,2015
NaN,2006-06-22,22,33840.0,NaN,NaN,NaN,NaN,NaN,NaN,33840.0,NaN,0,NaN,924.0,0,6,-70.0,37062.0,NaN,0.0,NaN,10.0,NaN,2006-06-22,43.0,NaN,37642.0,NaN,2006
NaN,2002-03-25,25,37313.0,NaN,NaN,NaN,NaN,NaN,NaN,37313.0,NaN,0,NaN,1921.0,0,3,NaN,41784.0,NaN,0.0,NaN,8.0,NaN,2002-03-25,44.0,NaN,NaN,NaN,2002
995.0,2016-01-04,4,40367.0,-413.0,NaN,9080.0,0.0,4013.0,1890.0,40367.0,NaN,0,0.0,1997.0,0,1,-238.0,43539.0,0.0,0.0,NaN,9.0,NaN,2016-01-04,40.0,NaN,44799.0,NaN,2016
NaN,2001-04-24,24,30019.0,NaN,NaN,NaN,NaN,NaN,NaN,30019.0,NaN,0,NaN,903.0,0,4,NaN,33735.0,NaN,0.0,NaN,639.0,NaN,2001-04-24,48.0,NaN,NaN,NaN,2001
NaN,2001-05-26,26,27022.0,NaN,NaN,NaN,NaN,NaN,NaN,27022.0,NaN,0,NaN,1665.0,0,5,NaN,29887.0,NaN,0.0,NaN,0.0,NaN,2001-05-26,41.0,NaN,NaN,NaN,2001
0.0,2009-04-04,4,26024.0,0.0,NaN,0.0,0.0,1613.0,233.0,26024.0,NaN,0,0.0,1994.0,0,4,-224.0,28892.0,0.0,0.0,NaN,416.0,NaN,2009-04-04,3.0,NaN,30032.0,NaN,2009
710.0,2021-10-06,6,28405.0,-25.0,0.0,13818.0,2987.0,6527.0,1917.0,28405.0,0.0,0,704.0,0.0,0,10,-415.0,31578.0,708.0,0.0,693.0,9.0,NaN,2021-10-06,19.0,NaN,32526.0,0.0,2021
1004.0,2024-05-31,31,22424.0,-529.0,996.0,17511.0,4063.0,6562.0,2490.0,22424.0,0.0,0,992.0,1506.0,0,5,-451.0,24747.0,-157.0,0.0,1399.0,7.0,153.0,2024-05-31,22.0,NaN,26391.0,795.0,2024
0.0,2009-09-23,23,21295.0,0.0,NaN,0.0,0.0,1737.0,845.0,21295.0,NaN,0,0.0,-140.0,0,9,-307.0,23608.0,0.0,0.0,NaN,1781.0,NaN,2009-09-23,8.0,NaN,26336.0,NaN,2009
-1007.0,2024-03-18,18,21200.0,109.0,-402.0,17168.0,0.0,6562.0,3706.0,21200.0,0.0,0,-437.0,37.0,0,3,253.0,22319.0,-977.0,0.0,1397.0,76.0,5314.0,2024-03-18,47.0,NaN,26027.0,-209.0,2024
998.0,2018-02-21,21,26576.0,416.0,NaN,12916.0,0.0,5779.0,539.0,26576.0,NaN,0,0.0,1996.0,0,2,180.0,29389.0,0.0,0.0,NaN,859.0,NaN,2018-02-21,12.0,NaN,30848.0,NaN,2018
NaN,2006-06-27,27,23262.0,NaN,NaN,NaN,NaN,NaN,NaN,23262.0,NaN,0,NaN,1186.0,0,6,-16.0,25866.0,NaN,0.0,NaN,1781.0,NaN,2006-06-27,9.0,NaN,28163.0,NaN,2006
1001.0,2015-06-02,2,29896.0,-299.0,NaN,8640.0,3660.0,3883.0,2814.0,29896.0,NaN,0,0.0,1996.0,0,6,-150.0,32748.0,0.0,0.0,NaN,11.0,NaN,2015-06-02,33.0,NaN,33708.0,NaN,2015
1002.0,2024-03-28,28,29623.0,-531.0,996.0,17196.0,734.0,6562.0,3550.0,29623.0,0.0,0,991.0,1589.0,0,3,-451.0,32452.0,432.0,0.0,1397.0,12.0,2418.0,2024-03-28,35.0,NaN,34046.0,1401.0,2024
NaN,2001-06-28,28,37361.0,NaN,NaN,NaN,NaN,NaN,NaN,37361.0,NaN,0,NaN,900.0,0,6,NaN,41185.0,NaN,0.0,NaN,0.0,NaN,2001-06-28,32.0,NaN,NaN,NaN,2001
988.0,2016-12-09,9,34176.0,0.0,NaN,11503.0,0.0,5113.0,1828.0,34176.0,NaN,0,0.0,-410.0,0,12,-449.0,36936.0,0.0,0.0,NaN,12.0,NaN,2016-12-09,42.0,NaN,38407.0,NaN,2016
NaN,2006-11-26,26,42747.0,NaN,NaN,NaN,NaN,NaN,NaN,42747.0,NaN,0,NaN,2000.0,0,11,-68.0,47358.0,NaN,40.0,NaN,8.0,NaN,2006-11-26,36.0,NaN,47994.0,NaN,2006
840.0,2020-04-10,10,18220.0,-309.0,0.0,13110.0,5050.0,6559.0,1162.0,18220.0,0.0,0,0.0,1692.0,0,4,-290.0,20937.0,845.0,0.0,0.0,12.0,NaN,2020-04-10,33.0,NaN,22048.0,0.0,2020
102.0,2019-03-03,3,20311.0,231.0,0.0,12723.0,0.0,6192.0,3521.0,20311.0,0.0,0,0.0,800.0,0,3,69.0,21390.0,691.0,0.0,0.0,651.0,NaN,2019-03-03,14.0,NaN,22641.0,0.0,2019
NaN,2001-04-13,13,27263.0,NaN,NaN,NaN,NaN,NaN,NaN,27263.0,NaN,0,NaN,1030.0,0,4,NaN,31056.0,NaN,0.0,NaN,716.0,NaN,2001-04-13,2.0,NaN,NaN,NaN,2001
613.0,2025-05-27,27,25213.0,0.0,0.0,20590.0,3006.0,6606.0,2604.0,25213.0,-514.0,0,992.0,1370.0,0,5,-125.0,26980.0,777.0,0.0,1397.0,3.0,3037.0,2025-05-27,32.0,NaN,28122.0,1420.0,2025
NaN,2007-03-09,9,28701.0,NaN,NaN,NaN,NaN,0.0,0.0,28701.0,NaN,0,NaN,197.0,0,3,-276.0,31795.0,NaN,0.0,NaN,1682.0,NaN,2007-03-09,11.0,NaN,34353.0,NaN,2007
999.0,2018-01-20,20,27212.0,504.0,NaN,12916.0,0.0,5779.0,704.0,27212.0,NaN,0,0.0,1996.0,0,1,243.0,30377.0,0.0,0.0,NaN,277.0,NaN,2018-01-20,14.0,NaN,31254.0,NaN,2018
0.0,2019-09-16,16,29141.0,-506.0,0.0,12885.0,1118.0,6182.0,679.0,29141.0,0.0,0,0.0,1895.0,0,9,-455.0,32141.0,999.0,0.0,0.0,21.0,NaN,2019-09-16,18.0,NaN,33623.0,0.0,2019
0.0,2010-07-12,12,20401.0,0.0,NaN,33.0,0.0,2062.0,209.0,20401.0,NaN,0,0.0,1233.0,0,7,-148.0,22587.0,0.0,0.0,NaN,1630.0,NaN,2010-07-12,8.0,NaN,24865.0,NaN,2010
902.0,2020-08-09,9,23895.0,0.0,0.0,13235.0,2125.0,6527.0,1526.0,23895.0,0.0,0,0.0,1806.0,0,8,-52.0,26146.0,902.0,0.0,0.0,6.0,NaN,2020-08-09,37.0,NaN,26704.0,0.0,2020
927.0,2014-05-01,1,22830.0,-236.0,NaN,4640.0,0.0,2523.0,421.0,22830.0,NaN,0,0.0,1854.0,0,5,-124.0,25183.0,0.0,0.0,NaN,1089.0,NaN,2014-05-01,2.0,NaN,27132.0,NaN,2014
802.0,2020-04-14,14,26661.0,-325.0,0.0,13110.0,1303.0,6559.0,1140.0,26661.0,0.0,0,0.0,2003.0,0,4,-455.0,29202.0,1020.0,0.0,0.0,7.0,NaN,2020-04-14,38.0,NaN,30489.0,0.0,2020
854.0,2021-03-03,3,23499.0,-454.0,0.0,13556.0,0.0,6527.0,279.0,23499.0,0.0,0,630.0,1694.0,0,3,-455.0,25991.0,815.0,0.0,0.0,1333.0,NaN,2021-03-03,11.0,NaN,28833.0,0.0,2021
NaN,2001-06-11,11,36733.0,NaN,NaN,NaN,NaN,NaN,NaN,36733.0,NaN,0,NaN,1224.0,0,6,NaN,40590.0,NaN,0.0,NaN,10.0,NaN,2001-06-11,36.0,NaN,NaN,NaN,2001
0.0,2021-01-18,18,22788.0,0.0,0.0,13528.0,0.0,6527.0,2690.0,22788.0,0.0,0,-2.0,1485.0,0,1,90.0,24173.0,454.0,0.0,0.0,849.0,NaN,2021-01-18,4.0,NaN,25624.0,0.0,2021
NaN,2002-05-28,28,35640.0,NaN,NaN,NaN,NaN,NaN,NaN,35640.0,NaN,0,NaN,1869.0,0,5,NaN,39365.0,NaN,0.0,NaN,8.0,NaN,2002-05-28,39.0,NaN,NaN,NaN,2002
1.0,2021-01-27,27,23516.0,-24.0,0.0,13533.0,0.0,6527.0,992.0,23516.0,0.0,0,952.0,1953.0,0,1,-310.0,25990.0,975.0,0.0,0.0,969.0,NaN,2021-01-27,8.0,NaN,27893.0,0.0,2021
NaN,2004-02-13,13,34396.0,NaN,NaN,NaN,NaN,NaN,NaN,34396.0,NaN,0,NaN,-386.0,0,2,NaN,38081.0,NaN,0.0,NaN,476.0,NaN,2004-02-13,13.0,NaN,NaN,NaN,2004
NaN,2004-10-26,26,43570.0,NaN,NaN,NaN,NaN,NaN,NaN,43570.0,NaN,0,NaN,1993.0,0,10,NaN,48434.0,NaN,0.0,NaN,11.0,NaN,2004-10-26,40.0,NaN,NaN,NaN,2004
NaN,2002-08-30,30,38431.0,NaN,NaN,NaN,NaN,NaN,NaN,38431.0,NaN,0,NaN,-54.0,0,8,NaN,42467.0,NaN,0.0,NaN,0.0,NaN,2002-08-30,21.0,NaN,NaN,NaN,2002
NaN,2006-06-27,27,26336.0,NaN,NaN,NaN,NaN,NaN,NaN,26336.0,NaN,0,NaN,967.0,0,6,-16.0,29113.0,NaN,0.0,NaN,1492.0,NaN,2006-06-27,13.0,NaN,31121.0,NaN,2006
NaN,2006-11-28,28,46370.0,NaN,NaN,NaN,NaN,NaN,NaN,46370.0,NaN,0,NaN,1984.0,0,11,-90.0,51217.0,NaN,0.0,NaN,9.0,NaN,2006-11-28,33.0,NaN,51916.0,NaN,2006
888.0,2022-02-24,24,33770.0,275.0,0.0,14077.0,0.0,6550.0,4348.0,33770.0,0.0,0,991.0,504.0,0,2,271.0,36408.0,1019.0,0.0,1048.0,9.0,NaN,2022-02-24,41.0,NaN,37017.0,0.0,2022
1003.0,2023-01-31,31,36137.0,171.0,-532.0,15120.0,0.0,6545.0,3449.0,36137.0,0.0,0,-312.0,-1440.0,0,1,340.0,38509.0,294.0,0.0,1095.0,1.0,6238.0,2023-01-31,38.0,NaN,41394.0,0.0,2023
102.0,2018-07-03,3,24769.0,-446.0,NaN,13052.0,8430.0,5913.0,1338.0,24769.0,NaN,0,0.0,1376.0,0,7,-416.0,27597.0,0.0,0.0,NaN,4.0,NaN,2018-07-03,29.0,NaN,28963.0,NaN,2018
710.0,2017-07-26,26,21000.0,342.0,NaN,12372.0,0.0,5305.0,468.0,21000.0,NaN,0,0.0,1604.0,0,7,231.0,23189.0,0.0,0.0,NaN,747.0,NaN,2017-07-26,1.0,NaN,24436.0,NaN,2017
NaN,2005-04-30,30,33748.0,NaN,NaN,NaN,NaN,NaN,NaN,33748.0,NaN,0,NaN,1986.0,0,4,-70.0,37342.0,NaN,0.0,NaN,8.0,NaN,2005-04-30,19.0,NaN,37920.0,NaN,2005
NaN,2007-02-24,24,30321.0,NaN,NaN,NaN,NaN,0.0,0.0,30321.0,NaN,0,NaN,1956.0,0,2,-275.0,33349.0,NaN,0.0,NaN,844.0,NaN,2007-02-24,5.0,NaN,35068.0,NaN,2007
NaN,2007-05-01,1,34674.0,NaN,NaN,NaN,NaN,0.0,0.0,34674.0,NaN,0,NaN,1991.0,0,5,-216.0,38156.0,NaN,0.0,NaN,12.0,NaN,2007-05-01,41.0,NaN,38884.0,NaN,2007
0.0,2011-02-26,26,37752.0,0.0,NaN,111.0,1.0,1734.0,1356.0,37752.0,NaN,0,0.0,1490.0,0,2,-452.0,41667.0,0.0,0.0,NaN,14.0,NaN,2011-02-26,36.0,NaN,42733.0,NaN,2011
NaN,2001-11-29,29,48174.0,NaN,NaN,NaN,NaN,NaN,NaN,48174.0,NaN,0,NaN,1872.0,0,11,NaN,53404.0,NaN,0.0,NaN,0.0,NaN,2001-11-29,36.0,NaN,NaN,NaN,2001
888.0,2017-07-19,19,26406.0,498.0,NaN,12372.0,798.0,5305.0,2014.0,26406.0,NaN,0,0.0,1447.0,0,7,245.0,28298.0,0.0,0.0,NaN,13.0,NaN,2017-07-19,15.0,NaN,28811.0,NaN,2017
110.0,2011-04-06,6,33938.0,0.0,NaN,135.0,2.0,1761.0,1085.0,33938.0,NaN,0,0.0,356.0,0,4,-124.0,37377.0,0.0,203.0,NaN,19.0,NaN,2011-04-06,15.0,NaN,37817.0,NaN,2011
NaN,2005-10-23,23,34858.0,NaN,NaN,NaN,NaN,NaN,NaN,34858.0,NaN,0,NaN,1800.0,0,10,-193.0,38895.0,NaN,0.0,NaN,4.0,NaN,2005-10-23,26.0,NaN,39592.0,NaN,2005
NaN,2008-12-05,5,42335.0,NaN,NaN,NaN,NaN,1384.0,686.0,42335.0,NaN,0,NaN,-1115.0,0,12,-65.0,46974.0,NaN,0.0,NaN,14.0,NaN,2008-12-05,16.0,NaN,48768.0,NaN,2008
1003.0,2024-04-23,23,26984.0,-529.0,940.0,17300.0,4875.0,6562.0,1684.0,26984.0,0.0,0,992.0,1005.0,0,4,-451.0,29577.0,1020.0,0.0,1397.0,8.0,-349.0,2024-04-23,23.0,NaN,31065.0,617.0,2024
1053.0,2024-02-25,25,28193.0,-39.0,996.0,17031.0,3048.0,6562.0,1515.0,28193.0,0.0,0,992.0,1998.0,0,2,302.0,30924.0,999.0,0.0,1399.0,3.0,-225.0,2024-02-25,27.0,NaN,31566.0,801.0,2024
0.0,2021-03-13,13,31059.0,0.0,0.0,13562.0,0.0,6527.0,3110.0,31059.0,0.0,0,989.0,1504.0,0,3,251.0,33769.0,961.0,0.0,0.0,9.0,NaN,2021-03-13,40.0,NaN,34378.0,0.0,2021
998.0,2015-04-24,24,31543.0,-441.0,NaN,8510.0,1840.0,4021.0,1217.0,31543.0,NaN,0,0.0,1997.0,0,4,9.0,34651.0,0.0,0.0,NaN,9.0,NaN,2015-04-24,34.0,NaN,35601.0,NaN,2015
NaN,2004-04-25,25,23833.0,NaN,NaN,NaN,NaN,NaN,NaN,23833.0,NaN,0,NaN,1987.0,0,4,NaN,26748.0,NaN,0.0,NaN,988.0,NaN,2004-04-25,8.0,NaN,NaN,NaN,2004
994.0,2011-12-13,13,29279.0,0.0,NaN,1104.0,0.0,1846.0,1365.0,29279.0,NaN,0,0.0,1410.0,0,12,0.0,32359.0,0.0,0.0,NaN,1501.0,NaN,2011-12-13,3.0,NaN,34460.0,NaN,2011
NaN,2004-04-06,6,42799.0,NaN,NaN,NaN,NaN,NaN,NaN,42799.0,NaN,0,NaN,99.0,0,4,NaN,47221.0,NaN,0.0,NaN,3.0,NaN,2004-04-06,25.0,NaN,NaN,NaN,2004
NaN,2005-12-08,8,33086.0,NaN,NaN,NaN,NaN,NaN,NaN,33086.0,NaN,0,NaN,304.0,0,12,-70.0,36692.0,NaN,0.0,NaN,1887.0,NaN,2005-12-08,11.0,NaN,39249.0,NaN,2005
1019.0,2025-09-13,13,23400.0,-528.0,997.0,20993.0,0.0,6606.0,1423.0,23400.0,-514.0,0,992.0,999.0,0,9,-450.0,25457.0,901.0,0.0,1398.0,0.0,1687.0,2025-09-13,43.0,NaN,27449.0,966.0,2025
197.0,2020-01-16,16,23469.0,504.0,0.0,13050.0,0.0,6465.0,3084.0,23469.0,0.0,0,0.0,-1056.0,0,1,101.0,25274.0,-225.0,0.0,0.0,12.0,NaN,2020-01-16,12.0,NaN,27167.0,0.0,2020
983.0,2014-07-19,19,27648.0,-326.0,NaN,5016.0,74.0,3344.0,240.0,27648.0,NaN,0,0.0,1997.0,0,7,0.0,30345.0,0.0,0.0,NaN,16.0,NaN,2014-07-19,42.0,NaN,31187.0,NaN,2014
0.0,2021-04-19,19,28278.0,-163.0,0.0,13654.0,0.0,6527.0,520.0,28278.0,0.0,0,-2.0,774.0,0,4,-238.0,31071.0,928.0,0.0,0.0,13.0,NaN,2021-04-19,44.0,NaN,31987.0,0.0,2021
NaN,2003-05-24,24,30079.0,NaN,NaN,NaN,NaN,NaN,NaN,30079.0,NaN,0,NaN,1482.0,0,5,NaN,33162.0,NaN,0.0,NaN,1.0,NaN,2003-05-24,44.0,NaN,NaN,NaN,2003
0.0,2011-03-02,2,36833.0,0.0,NaN,114.0,0.0,1737.0,239.0,36833.0,NaN,0,0.0,-204.0,0,3,-450.0,40434.0,0.0,0.0,NaN,15.0,NaN,2011-03-02,45.0,NaN,41703.0,NaN,2011
NaN,2001-03-27,27,44566.0,NaN,NaN,NaN,NaN,NaN,NaN,44566.0,NaN,0,NaN,1561.0,0,3,NaN,49437.0,NaN,0.0,NaN,0.0,NaN,2001-03-27,24.0,NaN,NaN,NaN,2001
0.0,2020-12-27,27,27624.0,504.0,0.0,13462.0,0.0,6527.0,1275.0,27624.0,0.0,0,-2.0,2004.0,0,12,322.0,30119.0,999.0,0.0,0.0,11.0,NaN,2020-12-27,44.0,NaN,30732.0,0.0,2020
NaN,2001-06-27,27,23841.0,NaN,NaN,NaN,NaN,NaN,NaN,23841.0,NaN,0,NaN,699.0,0,6,NaN,26450.0,NaN,0.0,NaN,1367.0,NaN,2001-06-27,11.0,NaN,NaN,NaN,2001
959.0,2013-04-17,17,37279.0,-100.0,NaN,2632.0,289.0,2015.0,1397.0,37279.0,NaN,0,0.0,992.0,0,4,-195.0,41013.0,0.0,0.0,NaN,13.0,NaN,2013-04-17,20.0,NaN,41821.0,NaN,2013
854.0,2019-07-08,8,18248.0,0.0,0.0,12848.0,0.0,6137.0,476.0,18248.0,0.0,0,0.0,1703.0,0,7,-313.0,20251.0,0.0,0.0,0.0,434.0,NaN,2019-07-08,3.0,NaN,21498.0,0.0,2019
877.0,2016-06-13,13,18156.0,284.0,NaN,10500.0,68.0,4260.0,580.0,18156.0,NaN,0,0.0,1798.0,0,6,0.0,20085.0,0.0,0.0,NaN,1733.0,NaN,2016-06-13,10.0,NaN,22318.0,NaN,2016
1003.0,2015-01-10,10,28989.0,44.0,NaN,6043.0,0.0,4040.0,2969.0,28989.0,NaN,0,0.0,1497.0,0,1,109.0,31884.0,0.0,0.0,NaN,12.0,NaN,2015-01-10,46.0,NaN,32496.0,NaN,2015
756.0,2020-04-26,26,17816.0,0.0,0.0,13112.0,0.0,6527.0,456.0,17816.0,0.0,0,0.0,1508.0,0,4,118.0,19767.0,756.0,0.0,0.0,7.0,NaN,2020-04-26,2.0,NaN,20274.0,0.0,2020
0.0,2009-11-14,14,25399.0,0.0,NaN,0.0,0.0,1740.0,1613.0,25399.0,NaN,0,0.0,1941.0,0,11,-45.0,28272.0,0.0,0.0,NaN,1468.0,NaN,2009-11-14,4.0,NaN,30385.0,NaN,2009
0.0,2024-12-11,11,38949.0,-531.0,0.0,18720.0,0.0,6622.0,573.0,38949.0,0.0,0,992.0,1958.0,0,12,-451.0,43361.0,938.0,0.0,1397.0,3.0,-980.0,2024-12-11,35.0,NaN,44946.0,209.0,2024
NaN,2002-04-17,17,37144.0,NaN,NaN,NaN,NaN,NaN,NaN,37144.0,NaN,0,NaN,99.0,0,4,NaN,41086.0,NaN,0.0,NaN,0.0,NaN,2002-04-17,39.0,NaN,NaN,NaN,2002
1049.0,2020-01-19,19,30409.0,0.0,0.0,13051.0,1660.0,6465.0,932.0,30409.0,0.0,0,0.0,2005.0,0,1,190.0,33291.0,996.0,0.0,0.0,10.0,NaN,2020-01-19,19.0,NaN,33901.0,0.0,2020
NaN,2002-10-27,27,32231.0,NaN,NaN,NaN,NaN,NaN,NaN,32231.0,NaN,0,NaN,1848.0,0,10,NaN,36172.0,NaN,0.0,NaN,6.0,NaN,2002-10-27,34.0,NaN,NaN,NaN,2002
1000.0,2016-07-10,10,24010.0,282.0,NaN,10500.0,2290.0,4260.0,1789.0,24010.0,NaN,0,0.0,1994.0,0,7,0.0,26438.0,0.0,0.0,NaN,14.0,NaN,2016-07-10,22.0,NaN,26952.0,NaN,2016
1021.0,2017-01-21,21,39616.0,-405.0,NaN,11503.0,0.0,4781.0,576.0,39616.0,NaN,0,0.0,-480.0,0,1,-314.0,43599.0,0.0,0.0,NaN,9.0,NaN,2017-01-21,39.0,NaN,45407.0,NaN,2017
NaN,2001-04-26,26,39078.0,NaN,NaN,NaN,NaN,NaN,NaN,39078.0,NaN,0,NaN,1218.0,0,4,NaN,43198.0,NaN,0.0,NaN,7.0,NaN,2001-04-26,36.0,NaN,NaN,NaN,2001
0.0,2009-12-11,11,40320.0,0.0,NaN,0.0,0.0,1773.0,498.0,40320.0,NaN,0,0.0,-1595.0,0,12,-449.0,44680.0,0.0,0.0,NaN,9.0,NaN,2009-12-11,42.0,NaN,47333.0,NaN,2009
992.0,2012-10-19,19,23918.0,0.0,NaN,1948.0,0.0,2085.0,221.0,23918.0,NaN,0,0.0,-4.0,0,10,-251.0,26545.0,0.0,0.0,NaN,1187.0,NaN,2012-10-19,3.0,NaN,28487.0,NaN,2012
358.0,2013-06-04,4,21886.0,-296.0,NaN,2782.0,0.0,2109.0,174.0,21886.0,NaN,0,0.0,991.0,0,6,-112.0,24307.0,0.0,0.0,NaN,937.0,NaN,2013-06-04,2.0,NaN,26152.0,NaN,2013
NaN,2007-11-30,30,42631.0,NaN,NaN,NaN,NaN,1147.0,333.0,42631.0,NaN,0,NaN,-2026.0,0,11,-175.0,47270.0,NaN,0.0,NaN,5.0,NaN,2007-11-30,26.0,NaN,50076.0,NaN,2007
NaN,2008-11-26,26,30696.0,NaN,NaN,NaN,NaN,1358.0,726.0,30696.0,NaN,0,NaN,-1795.0,0,11,-150.0,33925.0,NaN,0.0,NaN,1616.0,NaN,2008-11-26,48.0,NaN,38086.0,NaN,2008
924.0,2018-04-18,18,31093.0,125.0,NaN,13052.0,10.0,5978.0,2342.0,31093.0,NaN,0,0.0,1494.0,0,4,-333.0,33575.0,0.0,0.0,NaN,8.0,NaN,2018-04-18,41.0,NaN,34416.0,NaN,2018
0.0,2011-03-13,13,34979.0,0.0,NaN,120.0,23.0,1737.0,346.0,34979.0,NaN,0,0.0,1487.0,0,3,-303.0,38864.0,0.0,0.0,NaN,11.0,NaN,2011-03-13,27.0,NaN,39778.0,NaN,2011
NaN,2001-08-12,12,27595.0,NaN,NaN,NaN,NaN,NaN,NaN,27595.0,NaN,0,NaN,1990.0,0,8,NaN,30765.0,NaN,0.0,NaN,0.0,NaN,2001-08-12,46.0,NaN,NaN,NaN,2001
NaN,2002-02-07,7,34873.0,NaN,NaN,NaN,NaN,NaN,NaN,34873.0,NaN,0,NaN,1586.0,0,2,NaN,39040.0,NaN,0.0,NaN,834.0,NaN,2002-02-07,2.0,NaN,NaN,NaN,2002
NaN,2003-05-31,31,32392.0,NaN,NaN,NaN,NaN,NaN,NaN,32392.0,NaN,0,NaN,1979.0,0,5,NaN,35829.0,NaN,0.0,NaN,0.0,NaN,2003-05-31,23.0,NaN,NaN,NaN,2003
-329.0,2012-06-14,14,24643.0,0.0,NaN,1651.0,0.0,2065.0,150.0,24643.0,NaN,0,0.0,207.0,0,6,-123.0,27128.0,0.0,0.0,NaN,316.0,NaN,2012-06-14,13.0,NaN,28396.0,NaN,2012
NaN,2002-05-06,6,30519.0,NaN,NaN,NaN,NaN,NaN,NaN,30519.0,NaN,0,NaN,10.0,0,5,NaN,34012.0,NaN,0.0,NaN,7.0,NaN,2002-05-06,31.0,NaN,NaN,NaN,2002
497.0,2018-08-22,22,30596.0,76.0,NaN,13052.0,229.0,5913.0,1210.0,30596.0,NaN,0,0.0,1995.0,0,8,-211.0,33188.0,0.0,0.0,NaN,10.0,NaN,2018-08-22,39.0,NaN,33909.0,NaN,2018
0.0,2010-02-27,27,30193.0,0.0,NaN,0.0,0.0,1824.0,846.0,30193.0,NaN,0,0.0,1993.0,0,2,-331.0,33831.0,0.0,0.0,NaN,1221.0,NaN,2010-02-27,4.0,NaN,35983.0,NaN,2010
932.0,2017-03-19,19,26770.0,0.0,NaN,11750.0,1940.0,4831.0,3374.0,26770.0,NaN,0,0.0,1988.0,0,3,-25.0,29042.0,0.0,0.0,NaN,7.0,NaN,2017-03-19,31.0,NaN,29674.0,NaN,2017
973.0,2013-10-07,7,29980.0,-530.0,NaN,3029.0,0.0,2337.0,677.0,29980.0,NaN,0,0.0,1582.0,0,10,-251.0,32662.0,0.0,0.0,NaN,4.0,NaN,2013-10-07,45.0,NaN,33947.0,NaN,2013
851.0,2018-09-25,25,30505.0,60.0,NaN,13052.0,2180.0,5911.0,2748.0,30505.0,NaN,0,0.0,1995.0,0,9,-95.0,32948.0,0.0,0.0,NaN,6.0,NaN,2018-09-25,35.0,NaN,33549.0,NaN,2018
890.0,2022-03-21,21,34995.0,0.0,1001.0,14114.0,0.0,6545.0,1025.0,34995.0,0.0,0,-60.0,12.0,0,3,105.0,38585.0,716.0,0.0,1276.0,9.0,NaN,2022-03-21,39.0,NaN,39254.0,0.0,2022
732.0,2018-01-02,2,21254.0,432.0,NaN,12916.0,0.0,5754.0,1460.0,21254.0,NaN,0,0.0,1601.0,0,1,-3.0,23605.0,0.0,0.0,NaN,1744.0,NaN,2018-01-02,8.0,NaN,25952.0,NaN,2018
NaN,2001-07-04,4,36987.0,NaN,NaN,NaN,NaN,NaN,NaN,36987.0,NaN,0,NaN,581.0,0,7,NaN,40733.0,NaN,0.0,NaN,0.0,NaN,2001-07-04,36.0,NaN,NaN,NaN,2001
981.0,2013-05-22,22,35771.0,-480.0,NaN,2745.0,988.0,2087.0,815.0,35771.0,NaN,0,0.0,1489.0,0,5,-251.0,38942.0,0.0,0.0,NaN,9.0,NaN,2013-05-22,20.0,NaN,40182.0,NaN,2013
NaN,2007-09-30,30,23179.0,NaN,NaN,NaN,NaN,0.0,0.0,23179.0,NaN,0,NaN,1984.0,0,9,63.0,25946.0,NaN,0.0,NaN,1522.0,NaN,2007-09-30,9.0,NaN,27968.0,NaN,2007
NaN,2005-07-10,10,29928.0,NaN,NaN,NaN,NaN,NaN,NaN,29928.0,NaN,0,NaN,1493.0,0,7,-70.0,32863.0,NaN,0.0,NaN,8.0,NaN,2005-07-10,39.0,NaN,33441.0,NaN,2005
768.0,2015-08-21,21,29895.0,-203.0,NaN,8816.0,3250.0,3977.0,1904.0,29895.0,NaN,0,0.0,1999.0,0,8,169.0,32551.0,0.0,0.0,NaN,11.0,NaN,2015-08-21,31.0,NaN,33265.0,NaN,2015
NaN,2005-12-26,26,35586.0,NaN,NaN,NaN,NaN,NaN,NaN,35586.0,NaN,0,NaN,1041.0,0,12,-189.0,39769.0,NaN,0.0,NaN,9.0,NaN,2005-12-26,42.0,NaN,40567.0,NaN,2005
1000.0,2017-03-01,1,41122.0,-65.0,NaN,11750.0,23.0,4831.0,948.0,41122.0,NaN,0,0.0,1496.0,0,3,-6.0,45196.0,0.0,0.0,NaN,7.0,NaN,2017-03-01,36.0,NaN,45874.0,NaN,2017
217.0,2023-04-07,7,18689.0,44.0,327.0,15524.0,6328.0,6545.0,606.0,18689.0,0.0,0,482.0,372.0,0,4,374.0,21275.0,455.0,0.0,1061.0,4.0,-118.0,2023-04-07,33.0,NaN,21779.0,0.0,2023
